security_id	trade_date	open	high	low	close	volume
1	2025-01-02	248.93	249.1	241.82	243.85	55740700
1	2025-01-03	243.36	244.18	241.89	243.36	40244100
1	2025-01-06	244.31	247.33	243.2	245.0	45045600
1	2025-01-07	242.98	245.55	241.35	242.21	40856000
1	2025-01-08	241.92	243.71	240.05	242.7	37628900
1	2025-01-10	240.01	240.16	233.0	236.85	61710900
1	2025-01-13	233.53	234.67	229.72	234.4	49630700
1	2025-01-14	234.75	236.12	232.47	233.28	39435300
1	2025-01-15	234.64	238.96	234.43	237.87	39832000
1	2025-01-16	237.35	238.01	228.03	228.26	71759100
1	2025-01-17	232.12	232.29	228.48	229.98	68488300
1	2025-01-21	224.0	224.42	219.38	222.64	98070400
1	2025-01-22	219.79	224.12	219.79	223.83	64126500
1	2025-01-23	224.74	227.03	222.3	223.66	60234800
1	2025-01-24	224.78	225.63	221.41	222.78	54697900
1	2025-01-27	224.02	232.15	223.98	229.86	94863400
1	2025-01-28	230.85	240.19	230.81	238.26	75707600
1	2025-01-29	234.12	239.86	234.01	239.36	45486100
1	2025-01-30	238.67	240.79	237.21	237.59	55658300
1	2025-01-31	247.19	247.19	233.44	236.0	100959800
1	2025-02-03	229.99	231.83	225.7	228.01	73063300
1	2025-02-04	227.25	233.13	226.65	232.8	45067300
1	2025-02-05	228.53	232.67	228.27	232.47	39620300
1	2025-02-06	231.29	233.8	230.43	233.22	29925300
1	2025-02-07	232.6	234.0	227.26	227.63	39707200
1	2025-02-10	229.57	230.59	227.2	227.65	33115600
1	2025-02-11	228.2	235.23	228.13	232.62	53718400
1	2025-02-12	231.2	236.96	230.68	236.87	45243300
1	2025-02-13	236.91	242.34	235.57	241.53	53614100
1	2025-02-14	241.25	245.55	240.99	244.6	40896200
1	2025-02-18	244.15	245.18	241.84	244.47	48822500
1	2025-02-19	244.66	246.01	243.16	244.87	32204200
1	2025-02-20	244.94	246.78	244.29	245.83	32316900
1	2025-02-21	245.95	248.69	245.22	245.55	53197400
1	2025-02-24	244.93	248.86	244.42	247.1	51326400
1	2025-02-25	248.0	250.0	244.91	247.04	48013300
1	2025-02-26	244.33	244.98	239.13	240.36	44433600
1	2025-02-27	239.41	242.46	237.06	237.3	41153600
1	2025-02-28	236.95	242.09	230.2	241.84	56833400
1	2025-03-03	241.79	244.03	236.11	238.03	47184000
1	2025-03-04	237.71	240.07	234.68	235.93	53798100
1	2025-03-05	235.42	236.55	229.23	235.74	47227600
1	2025-03-06	234.44	237.86	233.16	235.33	45170400
1	2025-03-07	235.11	241.37	234.76	239.07	46273600
1	2025-03-10	235.54	236.16	224.22	227.48	72071200
1	2025-03-11	223.81	225.84	217.45	220.84	76137400
1	2025-03-12	220.14	221.75	214.91	216.98	62547500
1	2025-03-13	215.95	216.84	208.42	209.68	61368300
1	2025-03-14	211.25	213.95	209.58	213.49	60107600
1	2025-03-17	213.31	215.22	209.97	214.0	48073400
1	2025-03-18	214.16	215.15	211.49	212.69	42432400
1	2025-03-19	214.22	218.76	213.75	215.24	54385400
1	2025-03-20	213.99	217.49	212.22	214.1	48862900
1	2025-03-21	211.56	218.84	211.28	218.27	94127800
1	2025-03-24	221.0	221.48	218.58	220.73	44299500
1	2025-03-25	220.77	224.1	220.08	223.75	34493600
1	2025-03-26	223.51	225.02	220.47	221.53	34466100
1	2025-03-27	221.39	224.99	220.56	223.85	37094800
2	2025-01-02	425.53	426.07	414.85	418.58	16896500
2	2025-01-03	421.08	424.03	419.54	423.35	16662900
2	2025-01-06	428.0	434.32	425.48	427.85	20573600
2	2025-01-07	429.0	430.65	420.8	422.37	18139100
2	2025-01-08	423.46	426.97	421.54	424.56	15054600
2	2025-01-10	424.63	424.71	415.02	418.95	20201100
2	2025-01-13	415.24	418.5	412.29	417.19	17604800
2	2025-01-14	417.81	419.74	410.72	415.67	16935900
2	2025-01-15	419.13	428.15	418.27	426.31	19637800
2	2025-01-16	428.7	429.49	424.39	424.58	15300000
2	2025-01-17	434.09	434.48	428.17	429.03	26197500
2	2025-01-21	430.2	430.9	425.6	428.5	26085700
2	2025-01-22	437.56	447.27	436.0	446.2	27803800
2	2025-01-23	442.0	446.75	441.5	446.71	18389300
2	2025-01-24	445.16	446.65	441.4	444.06	15549500
2	2025-01-27	424.01	435.2	423.5	434.56	35647800
2	2025-01-28	434.6	448.38	431.38	447.2	23491700
2	2025-01-29	446.69	446.88	440.4	442.33	23581400
2	2025-01-30	418.77	422.86	413.16	414.99	54586300
2	2025-01-31	418.98	420.69	414.91	415.06	34161900
2	2025-02-03	411.6	415.41	408.66	410.92	25679100
2	2025-02-04	412.69	413.92	409.74	412.37	20532100
2	2025-02-05	412.35	413.83	410.4	413.29	16316700
2	2025-02-06	414.0	418.2	414.0	415.82	16309800
2	2025-02-07	416.48	418.65	408.1	409.75	22886800
2	2025-02-10	413.71	415.46	410.92	412.22	20817900
2	2025-02-11	409.64	412.49	409.3	411.44	18140600
2	2025-02-12	407.21	410.75	404.37	409.04	19121700
2	2025-02-13	407.0	411.0	406.36	410.54	23891700
2	2025-02-14	407.79	408.91	405.88	408.43	22758500
2	2025-02-18	408.0	410.6	406.5	409.64	21423100
2	2025-02-19	407.88	415.49	407.65	414.77	24114200
2	2025-02-20	415.29	419.31	412.54	416.13	23508700
2	2025-02-21	417.34	418.05	407.89	408.21	27524800
2	2025-02-24	408.51	409.37	399.32	404.0	26443700
2	2025-02-25	401.1	401.92	396.7	397.9	29387400
2	2025-02-26	398.01	403.6	394.25	399.73	19619000
2	2025-02-27	401.27	405.74	392.17	392.53	21127400
2	2025-02-28	392.66	397.63	386.57	396.99	32845700
2	2025-03-03	398.82	398.82	386.16	388.49	23007700
2	2025-03-04	383.4	392.58	381.0	388.61	29342900
2	2025-03-05	389.34	401.67	388.81	401.02	23433100
2	2025-03-06	394.28	402.15	392.68	396.89	23304600
2	2025-03-07	392.32	394.8	385.54	393.31	22034100
2	2025-03-10	385.84	386.4	377.22	380.16	32840100
2	2025-03-11	379.0	386.0	376.91	380.45	30380200
2	2025-03-12	382.95	385.22	378.95	383.27	24253600
2	2025-03-13	383.16	385.32	377.45	378.77	20473000
2	2025-03-14	379.78	390.23	379.51	388.56	19952800
2	2025-03-17	386.7	392.71	385.57	388.7	22474300
2	2025-03-18	387.07	387.37	381.1	383.52	19486900
2	2025-03-19	385.53	389.68	384.0	387.82	19185500
2	2025-03-20	385.74	391.79	383.28	386.84	18470500
2	2025-03-21	383.22	391.74	382.8	391.26	39675900
2	2025-03-24	395.4	395.4	389.81	393.08	21004500
2	2025-03-25	393.92	396.36	392.64	395.16	15775000
2	2025-03-26	395.0	395.31	388.57	389.97	16108400
2	2025-03-27	390.13	392.24	387.4	390.58	13766800
3	2025-01-02	136.0	138.88	134.63	138.31	198247200
3	2025-01-03	140.01	144.9	139.73	144.47	229322500
3	2025-01-06	148.59	152.16	147.82	149.43	265377400
3	2025-01-07	153.03	153.13	140.01	140.14	351782200
3	2025-01-08	142.58	143.95	137.56	140.11	227349900
3	2025-01-10	137.45	139.92	134.22	135.91	207602500
3	2025-01-13	129.99	133.49	129.51	133.23	204808900
3	2025-01-14	136.05	136.38	130.05	131.76	195590500
3	2025-01-15	133.65	136.45	131.29	136.24	185217300
3	2025-01-16	138.64	138.75	133.49	133.57	209235600
3	2025-01-17	136.69	138.5	135.46	137.71	201188800
3	2025-01-21	139.16	141.83	137.09	140.83	197749000
3	2025-01-22	144.66	147.79	143.67	147.07	237651400
3	2025-01-23	145.05	147.23	143.72	147.22	155915500
3	2025-01-24	148.37	148.97	141.88	142.62	234657600
3	2025-01-27	124.8	128.4	116.7	118.42	818830900
3	2025-01-28	121.81	129.0	116.25	128.99	579666400
3	2025-01-29	126.5	126.89	120.05	123.7	467120600
3	2025-01-30	123.1	125.0	118.1	124.65	392925500
3	2025-01-31	123.78	127.85	119.19	120.07	388161100
3	2025-02-03	114.75	118.57	113.01	116.66	371235700
3	2025-02-04	116.96	121.2	116.7	118.65	256550000
3	2025-02-05	121.76	125.0	120.76	124.83	262230800
3	2025-02-06	127.42	128.77	125.21	128.68	251483600
3	2025-02-07	129.22	130.37	125.0	129.84	228186300
3	2025-02-10	130.09	135.0	129.96	133.57	216989100
3	2025-02-11	132.58	134.48	131.02	132.8	178902400
3	2025-02-12	130.02	132.24	129.08	131.14	160278600
3	2025-02-13	131.56	136.5	131.17	135.29	197430000
3	2025-02-14	136.48	139.25	135.5	138.85	195479600
3	2025-02-18	141.27	143.44	137.93	139.4	219176600
3	2025-02-19	139.51	141.36	137.22	139.23	167536000
3	2025-02-20	140.03	140.66	136.79	140.11	143903600
3	2025-02-21	140.04	141.46	134.03	134.43	228217600
3	2025-02-24	136.56	138.59	130.08	130.28	251381100
3	2025-02-25	129.98	130.2	124.44	126.63	271428700
3	2025-02-26	129.99	133.73	128.49	131.28	322553800
3	2025-02-27	135.0	135.01	120.01	120.15	443175800
3	2025-02-28	118.02	125.09	116.4	124.92	389091100
3	2025-03-03	123.51	123.7	112.28	114.06	411381400
3	2025-03-04	110.65	119.31	110.11	115.99	398163300
3	2025-03-05	117.58	118.28	114.51	117.3	284337900
3	2025-03-06	113.53	115.35	110.22	110.57	321181900
3	2025-03-07	111.25	113.48	107.56	112.69	341755500
3	2025-03-10	109.9	111.85	105.46	106.98	366487400
3	2025-03-11	106.99	112.24	104.77	108.76	354865700
3	2025-03-12	114.12	116.76	112.88	115.74	323857500
3	2025-03-13	117.03	117.76	113.79	115.58	299033100
3	2025-03-14	118.61	121.88	118.15	121.67	277593500
3	2025-03-17	122.74	122.89	118.03	119.53	255501500
3	2025-03-18	118.0	119.02	114.54	115.43	299686900
3	2025-03-19	117.27	120.45	115.68	117.52	273426200
3	2025-03-20	116.55	120.2	116.47	118.53	248829700
3	2025-03-21	116.94	117.99	115.42	117.7	266498500
3	2025-03-24	119.88	122.22	119.34	121.41	228452500
3	2025-03-25	120.55	121.29	118.92	120.69	167447200
3	2025-03-26	118.73	118.84	112.71	113.76	293463300
3	2025-03-27	111.35	114.45	110.66	111.43	236902100
4	2025-01-02	190.65	192.0	187.5	189.43	20370800
4	2025-01-03	191.37	193.21	189.98	191.79	18596200
4	2025-01-06	193.98	198.22	193.85	196.87	29563600
4	2025-01-07	197.11	201.0	194.6	195.49	26487200
4	2025-01-08	192.57	196.29	192.38	193.95	24864800
4	2025-01-10	194.3	196.52	190.31	192.04	26665200
4	2025-01-13	190.07	191.18	187.36	191.01	21823700
4	2025-01-14	191.24	191.98	188.31	189.66	17174900
4	2025-01-15	193.09	196.36	191.86	195.55	21776000
4	2025-01-16	194.14	195.48	192.81	192.91	17815400
4	2025-01-17	196.53	197.23	193.75	196.0	27735100
4	2025-01-21	199.07	202.29	197.87	198.05	29971300
4	2025-01-22	199.06	200.48	197.53	198.37	26200600
4	2025-01-23	198.14	200.3	195.2	197.98	26951400
4	2025-01-24	198.1	200.9	198.0	200.21	23877500
4	2025-01-27	192.41	196.88	190.73	191.81	41728900
4	2025-01-28	192.75	195.48	190.68	195.3	24157900
4	2025-01-29	195.56	196.79	193.43	195.41	18218300
4	2025-01-30	198.0	201.4	197.67	200.87	24354700
4	2025-01-31	202.0	205.48	201.8	204.02	32001100
4	2025-02-03	200.69	203.75	200.1	201.23	27838300
4	2025-02-04	203.39	207.05	202.81	206.38	43856400
4	2025-02-05	191.07	192.75	188.03	191.33	70373900
4	2025-02-06	189.5	192.1	188.72	191.6	29297400
4	2025-02-07	191.05	191.18	183.24	185.34	49315000
4	2025-02-10	187.35	188.2	185.86	186.47	23105600
4	2025-02-11	185.03	186.94	184.28	185.32	21239500
4	2025-02-12	183.22	185.11	181.83	183.61	22072600
4	2025-02-13	184.32	186.28	183.14	186.14	21402500
4	2025-02-14	185.06	186.4	184.32	185.23	20448400
4	2025-02-18	185.6	185.96	181.74	183.77	29916700
4	2025-02-19	184.07	185.46	183.59	185.27	19549400
4	2025-02-20	184.8	185.31	182.72	184.56	20441500
4	2025-02-21	185.15	185.34	179.08	179.66	35199200
4	2025-02-24	181.99	183.12	178.89	179.25	29854200
4	2025-02-25	178.04	178.74	174.69	175.42	41913400
4	2025-02-26	175.07	176.08	171.58	172.73	35431300
4	2025-02-27	173.99	174.56	167.94	168.5	39991000
4	2025-02-28	168.68	170.61	166.77	170.28	48130600
4	2025-03-03	171.93	173.37	165.93	167.01	40770500
4	2025-03-04	166.24	173.29	165.8	170.92	45388000
4	2025-03-05	170.52	173.78	169.06	173.02	30954900
4	2025-03-06	170.53	174.81	170.5	172.35	28302000
4	2025-03-07	171.26	174.97	170.27	173.86	27385800
4	2025-03-10	168.26	168.46	163.69	165.87	43604000
4	2025-03-11	164.91	166.75	161.37	164.04	39587400
4	2025-03-12	166.58	167.64	163.53	167.11	28372400
4	2025-03-13	166.04	166.13	162.11	162.76	31756200
4	2025-03-14	163.27	166.49	162.45	165.49	31995900
4	2025-03-17	165.03	166.3	163.67	164.29	31184300
4	2025-03-18	163.68	164.25	156.72	160.67	42074800
4	2025-03-19	161.76	165.87	161.0	163.89	34275600
4	2025-03-20	161.57	164.89	160.96	162.8	28138500
4	2025-03-21	161.21	164.24	160.89	163.99	36625800
4	2025-03-24	167.07	168.32	165.14	167.68	30879100
4	2025-03-25	168.98	170.63	168.32	170.56	24174400
4	2025-03-26	169.0	169.61	164.84	165.06	28901600
4	2025-03-27	164.63	165.42	162.0	162.24	24508300
5	2025-01-02	222.03	225.15	218.19	220.22	33956600
5	2025-01-03	222.51	225.36	221.62	224.19	27515600
5	2025-01-06	226.78	228.84	224.84	227.61	31849800
5	2025-01-07	227.9	228.38	221.46	222.11	28084200
5	2025-01-08	223.19	223.52	220.2	222.13	25033300
5	2025-01-10	221.46	221.71	216.5	218.94	36811500
5	2025-01-13	218.06	219.4	216.47	218.46	27262700
5	2025-01-14	220.44	221.82	216.2	217.76	24711700
5	2025-01-15	222.83	223.57	220.75	223.35	31291300
5	2025-01-16	224.42	224.65	220.31	220.66	24757300
5	2025-01-17	225.84	226.51	223.08	225.94	42370100
5	2025-01-21	228.9	231.78	226.94	230.71	39951500
5	2025-01-22	232.02	235.44	231.19	235.01	41448200
5	2025-01-23	234.1	235.52	231.51	235.42	26404400
5	2025-01-24	234.5	236.4	232.93	234.85	25890700
5	2025-01-27	226.21	235.61	225.86	235.42	49428300
5	2025-01-28	234.29	241.77	233.98	238.15	41587200
5	2025-01-29	239.02	240.39	236.15	237.07	26091700
5	2025-01-30	237.14	237.95	232.22	234.64	32020700
5	2025-01-31	236.5	240.29	236.41	237.68	36110200
5	2025-02-03	234.06	239.25	232.9	237.42	37285900
5	2025-02-04	239.01	242.52	238.03	242.06	29713800
5	2025-02-05	237.02	238.32	235.2	236.17	38727300
5	2025-02-06	238.01	239.66	236.01	238.83	60897100
5	2025-02-07	232.5	234.81	228.06	229.15	77539300
5	2025-02-10	230.55	233.92	229.2	233.14	35419900
5	2025-02-11	231.92	233.44	230.13	232.76	23713700
5	2025-02-12	230.46	231.18	228.16	228.93	32285200
5	2025-02-13	228.85	230.42	227.52	230.37	31346500
5	2025-02-14	229.2	229.89	227.23	228.68	27031100
5	2025-02-18	228.82	229.3	223.72	226.65	42975100
5	2025-02-19	225.52	226.83	223.71	226.63	28566700
5	2025-02-20	224.78	225.13	221.81	222.88	30001700
5	2025-02-21	223.28	223.31	214.74	216.58	55323900
5	2025-02-24	217.45	217.72	212.42	212.71	42387600
5	2025-02-25	211.63	213.34	204.16	212.8	58958000
5	2025-02-26	214.94	218.16	213.09	214.35	39120600
5	2025-02-27	218.35	219.97	208.37	208.74	40548600
5	2025-02-28	208.65	212.62	206.99	212.28	51771700
5	2025-03-03	213.35	214.01	202.55	205.02	42948400
5	2025-03-04	200.11	206.8	197.43	203.8	60853100
5	2025-03-05	204.8	209.98	203.26	208.36	38610100
5	2025-03-06	204.4	205.77	198.3	200.7	49863800
5	2025-03-07	199.49	202.27	192.53	199.25	59802800
5	2025-03-10	195.6	196.73	190.85	194.54	62350900
5	2025-03-11	193.9	200.18	193.4	196.59	54002900
5	2025-03-12	200.72	201.52	195.29	198.89	43679300
5	2025-03-13	198.17	198.88	191.82	193.89	41270800
5	2025-03-14	197.41	198.65	195.32	197.95	38096700
5	2025-03-17	198.77	199.0	194.32	195.74	47341800
5	2025-03-18	192.52	194.0	189.38	192.82	40414900
5	2025-03-19	193.38	195.97	191.96	195.54	39442900
5	2025-03-20	193.07	199.32	192.3	194.95	38921100
5	2025-03-21	192.9	196.99	192.52	196.21	60056900
5	2025-03-24	200.0	203.64	199.95	203.26	41625400
5	2025-03-25	203.6	206.21	203.22	205.71	31171200
5	2025-03-26	205.84	206.01	199.93	201.13	32855300
5	2025-03-27	200.89	203.79	199.28	201.36	27317700
6	2025-01-02	589.72	604.91	587.82	599.24	12682300
6	2025-01-03	604.76	609.5	596.41	604.63	11436800
6	2025-01-06	611.83	630.99	605.62	630.2	14560800
6	2025-01-07	631.7	632.1	608.23	617.89	12071500
6	2025-01-08	613.4	616.44	602.79	610.72	10085800
6	2025-01-10	610.03	629.91	597.34	615.86	19256600
6	2025-01-13	607.1	608.97	598.45	608.33	10785000
6	2025-01-14	605.07	605.49	588.55	594.25	13598000
6	2025-01-15	610.21	622.46	606.5	617.12	15524300
6	2025-01-16	611.5	616.25	609.71	611.3	8355300
6	2025-01-17	624.05	624.97	603.67	612.77	17280600
6	2025-01-21	617.83	621.5	609.01	616.46	11674000
6	2025-01-22	623.3	633.7	619.43	623.5	12274000
6	2025-01-23	627.36	636.6	621.15	636.45	9910200
6	2025-01-24	636.4	652.0	634.2	647.49	19065300
6	2025-01-27	626.61	663.87	625.1	659.88	28399200
6	2025-01-28	666.0	682.58	659.47	674.33	20950100
6	2025-01-29	675.0	681.05	665.67	676.49	21377800
6	2025-01-30	696.82	710.79	676.1	687.0	29322900
6	2025-01-31	691.0	705.3	685.58	689.18	19303900
6	2025-02-03	675.91	704.0	675.25	697.46	21415700
6	2025-02-04	702.5	707.71	691.61	704.19	13826300
6	2025-02-05	703.55	718.14	699.01	704.87	17778200
6	2025-02-06	705.88	718.9	703.5	711.99	13080700
6	2025-02-07	716.8	725.01	711.75	714.52	16427100
6	2025-02-10	718.56	721.2	711.33	717.4	12904300
6	2025-02-11	713.32	723.66	710.04	719.8	12998000
6	2025-02-12	715.3	727.1	712.6	725.38	12016500
6	2025-02-13	721.52	729.0	718.04	728.56	12569100
6	2025-02-14	726.14	740.91	725.62	736.67	16901200
6	2025-02-18	736.0	737.0	706.44	716.37	21938700
6	2025-02-19	704.1	707.0	695.39	703.77	17535500
6	2025-02-20	697.28	705.63	693.64	694.84	12587400
6	2025-02-21	696.58	703.87	682.36	683.55	15660400
6	2025-02-24	686.28	687.27	662.45	668.13	15677000
6	2025-02-25	665.97	668.0	641.86	657.5	20579700
6	2025-02-26	659.65	683.01	658.0	673.7	14488700
6	2025-02-27	682.45	688.65	657.57	658.24	12500000
6	2025-02-28	658.04	669.63	642.6	668.2	17534200
6	2025-03-03	673.68	681.25	650.84	655.05	10843800
6	2025-03-04	645.51	649.75	623.65	640.0	21495200
6	2025-03-05	641.0	659.5	637.66	656.47	13770000
6	2025-03-06	648.0	650.56	624.11	627.93	13446500
6	2025-03-07	625.37	634.79	600.61	625.66	21375700
6	2025-03-10	608.07	610.11	586.87	597.99	21999900
6	2025-03-11	595.05	614.93	593.33	605.71	17401500
6	2025-03-12	629.9	633.33	609.35	619.56	15747000
6	2025-03-13	620.25	620.5	586.51	590.64	16480300
6	2025-03-14	602.8	608.86	594.78	607.6	12364500
6	2025-03-17	607.46	613.1	598.0	604.9	15473900
6	2025-03-18	600.05	600.25	574.66	582.36	20297700
6	2025-03-19	584.28	592.32	574.77	584.06	20537500
6	2025-03-20	582.76	610.2	579.51	586.0	24336500
6	2025-03-21	583.42	597.54	580.95	596.25	25015900
6	2025-03-24	614.97	622.54	612.2	618.85	15741300
6	2025-03-25	626.76	633.88	621.18	626.31	15312500
6	2025-03-26	624.89	626.75	606.61	610.98	12609800
6	2025-03-27	602.0	614.25	600.1	602.58	10436500
7	2025-01-02	390.1	392.73	373.04	379.28	109710700
7	2025-01-03	381.48	411.88	379.45	410.44	95423300
7	2025-01-06	423.2	426.43	401.7	411.05	85516500
7	2025-01-07	405.83	414.33	390.0	394.36	75699500
7	2025-01-08	392.95	402.5	387.4	394.94	73038800
7	2025-01-10	391.4	399.28	377.29	394.74	62287300
7	2025-01-13	383.21	403.79	380.07	403.31	67580500
7	2025-01-14	414.34	422.64	394.54	396.36	84565000
7	2025-01-15	409.9	429.8	405.66	428.22	81375500
7	2025-01-16	423.49	424.0	409.13	413.82	68335200
7	2025-01-17	421.5	439.74	419.75	426.5	94991400
7	2025-01-21	432.64	433.2	406.31	424.07	87320900
7	2025-01-22	416.81	428.0	414.59	415.11	60963300
7	2025-01-23	416.06	420.73	408.95	412.38	50690600
7	2025-01-24	414.45	418.88	405.78	406.58	56427100
7	2025-01-27	394.8	406.69	389.0	397.15	58125500
7	2025-01-28	396.91	400.59	386.5	398.09	48910700
7	2025-01-29	395.21	398.59	384.48	389.1	68033600
7	2025-01-30	410.78	412.5	384.41	400.28	98092900
7	2025-01-31	401.53	419.99	401.34	404.6	83283600
7	2025-02-03	386.68	389.17	374.36	383.68	93732100
7	2025-02-04	382.63	394.0	381.4	392.21	57072200
7	2025-02-05	387.51	388.39	375.53	378.17	57223300
7	2025-02-06	373.03	375.4	363.18	374.32	77918200
7	2025-02-07	370.19	380.55	360.34	361.62	70298300
7	2025-02-10	356.21	362.7	350.51	350.73	77514900
7	2025-02-11	345.8	349.37	325.1	328.5	118543400
7	2025-02-12	329.94	346.4	329.12	336.51	105382700
7	2025-02-13	345.0	358.69	342.85	355.94	89441500
7	2025-02-14	360.62	362.0	347.5	355.84	68277300
7	2025-02-18	355.01	359.1	350.02	354.11	51631700
7	2025-02-19	354.0	367.34	353.67	360.56	67094400
7	2025-02-20	361.51	362.3	348.0	354.4	45965400
7	2025-02-21	353.44	354.98	334.42	337.8	74058600
7	2025-02-24	338.14	342.4	324.7	330.53	76052300
7	2025-02-25	327.02	328.89	297.25	302.8	134228800
7	2025-02-26	303.71	309.0	288.04	290.8	100118300
7	2025-02-27	291.16	297.23	280.88	281.95	101748200
7	2025-02-28	279.5	293.88	273.6	292.98	115697000
7	2025-03-03	300.34	303.94	277.3	284.65	115551400
7	2025-03-04	270.93	284.35	261.84	272.04	126706600
7	2025-03-05	272.92	279.55	267.71	279.1	94042900
7	2025-03-06	272.06	272.65	260.02	263.45	98451600
7	2025-03-07	259.32	266.25	250.73	262.67	102369600
7	2025-03-10	252.54	253.37	220.0	222.15	189076900
7	2025-03-11	225.31	237.06	217.02	230.58	174896400
7	2025-03-12	247.22	251.84	241.1	248.09	142215700
7	2025-03-13	248.13	248.29	232.6	240.68	114813500
7	2025-03-14	247.31	251.58	240.73	249.98	100242300
7	2025-03-17	245.06	245.4	232.8	238.01	111900600
7	2025-03-18	228.16	230.1	222.28	225.31	111477600
7	2025-03-19	231.61	241.41	229.2	235.86	111993800
7	2025-03-20	233.35	238.0	230.05	236.26	99028300
7	2025-03-21	234.99	249.52	234.55	248.71	132728700
7	2025-03-24	258.08	278.64	256.33	278.39	169079900
7	2025-03-25	283.6	288.2	271.28	288.14	150361500
7	2025-03-26	282.66	284.9	266.51	272.06	153629800
7	2025-03-27	272.48	291.85	271.82	273.13	162572100
8	2025-01-02	145.23	145.77	143.78	144.02	6051300
8	2025-01-03	144.07	144.57	143.62	144.19	5878800
8	2025-01-06	143.51	144.82	142.93	143.66	7910500
8	2025-01-07	143.76	147.18	143.59	146.23	8422000
8	2025-01-08	145.49	145.59	141.44	142.27	11175600
8	2025-01-10	141.0	143.67	140.68	142.06	8821500
8	2025-01-13	142.98	145.07	142.31	144.47	10376400
8	2025-01-14	144.5	144.81	142.86	144.75	8681700
8	2025-01-15	145.31	146.05	144.26	144.97	7434600
8	2025-01-16	144.32	148.07	144.06	147.77	8964000
8	2025-01-17	147.44	148.38	146.61	147.03	10773100
8	2025-01-21	147.56	148.86	147.05	148.15	11111700
8	2025-01-22	144.0	145.47	142.11	145.27	16834700
8	2025-01-23	145.44	147.91	144.81	146.64	10506400
8	2025-01-24	146.81	147.63	146.38	146.82	9887300
8	2025-01-27	148.45	153.45	148.0	152.89	15152300
8	2025-01-28	152.66	152.97	150.3	150.38	10320600
8	2025-01-29	150.5	151.88	150.0	151.15	7156400
8	2025-01-30	151.91	154.14	151.36	152.87	8911000
8	2025-01-31	152.62	153.18	152.06	152.15	8457800
8	2025-02-03	152.0	152.47	150.78	151.87	6687500
8	2025-02-04	151.36	154.18	150.95	153.49	9645000
8	2025-02-05	153.82	154.73	153.31	154.69	8947000
8	2025-02-06	154.79	154.84	153.38	153.51	7418100
8	2025-02-07	153.53	154.49	152.8	153.12	6204900
8	2025-02-10	153.61	154.37	152.29	154.24	6936200
8	2025-02-11	154.11	156.39	153.94	156.13	7554500
8	2025-02-12	155.27	155.66	154.27	155.26	7746000
8	2025-02-13	155.26	158.13	154.79	157.25	10704700
8	2025-02-14	157.29	157.47	156.06	156.15	6411800
8	2025-02-18	154.14	155.45	153.24	154.99	9670700
8	2025-02-19	155.0	158.3	154.75	157.89	7974700
8	2025-02-20	156.95	159.95	156.95	159.68	7224000
8	2025-02-21	159.88	163.51	159.28	162.3	12546900
8	2025-02-24	162.68	164.87	162.05	163.74	10201900
8	2025-02-25	164.1	166.43	163.94	166.09	12303700
8	2025-02-26	165.08	165.13	162.56	163.08	11396400
8	2025-02-27	162.31	163.95	161.73	163.73	8364600
8	2025-02-28	164.31	165.94	162.7	165.02	12037200
8	2025-03-03	164.96	167.33	164.84	167.28	9191500
8	2025-03-04	168.08	169.99	165.32	165.42	11999700
8	2025-03-05	164.51	166.46	163.53	165.12	8744800
8	2025-03-06	165.0	165.87	163.51	165.83	8037900
8	2025-03-07	165.13	168.46	164.7	166.69	9637600
8	2025-03-10	167.48	169.9	167.05	167.7	17559000
8	2025-03-11	167.2	167.3	165.05	165.86	9890300
8	2025-03-12	163.73	164.21	162.23	162.85	8010700
8	2025-03-13	163.43	164.54	162.66	162.99	5286700
8	2025-03-14	162.12	163.15	161.1	162.81	6235800
8	2025-03-17	162.41	163.5	161.73	162.84	6669800
8	2025-03-18	163.44	164.86	162.97	164.25	7348800
8	2025-03-19	163.97	164.36	162.21	162.99	5936400
8	2025-03-20	163.0	163.2	161.93	163.02	7485900
8	2025-03-21	163.0	164.13	162.48	163.63	17047100
8	2025-03-24	162.84	164.39	162.5	163.29	8046400
8	2025-03-25	163.52	164.19	160.56	161.02	7456200
8	2025-03-26	161.21	162.49	160.64	161.72	7223500
8	2025-03-27	162.35	164.07	161.32	163.13	6752500
9	2025-01-02	240.92	243.28	239.45	240.0	9220900
9	2025-01-03	243.89	244.88	240.26	243.28	9491100
9	2025-01-06	243.7	245.69	240.58	240.85	9917800
9	2025-01-07	242.14	245.26	240.9	243.17	8753400
9	2025-01-08	242.75	244.25	240.5	243.13	8675300
9	2025-01-10	243.09	243.81	238.74	239.87	10256800
9	2025-01-13	239.67	244.54	239.0	244.21	10005300
9	2025-01-14	242.66	247.72	242.19	247.47	12407400
9	2025-01-15	250.4	253.67	243.68	252.35	18448500
9	2025-01-16	254.0	257.04	252.33	254.27	15292300
9	2025-01-17	254.14	260.62	252.14	259.16	17678100
9	2025-01-21	260.07	264.25	259.5	263.03	13712100
9	2025-01-22	262.9	263.38	260.25	262.84	9021900
9	2025-01-23	264.69	266.86	263.81	265.95	10749700
9	2025-01-24	263.69	267.1	263.01	264.84	7666300
9	2025-01-27	264.17	265.97	262.26	265.85	7522300
9	2025-01-28	265.85	267.33	264.83	267.14	7375400
9	2025-01-29	267.21	270.68	265.61	266.58	7684900
9	2025-01-30	268.63	269.7	266.62	268.23	8753500
9	2025-01-31	269.23	270.82	266.96	267.3	7193800
9	2025-02-03	261.83	268.17	261.7	266.81	8381400
9	2025-02-04	269.84	269.84	266.83	267.94	5626000
9	2025-02-05	268.91	270.64	268.33	270.43	5704400
9	2025-02-06	272.45	276.98	271.19	276.9	7264400
9	2025-02-07	277.27	278.55	274.71	275.8	6857900
9	2025-02-10	276.15	276.18	269.59	271.04	8627400
9	2025-02-11	270.26	276.22	269.66	274.99	7196400
9	2025-02-12	274.08	276.45	273.25	275.45	6683900
9	2025-02-13	275.5	276.97	273.81	276.32	8398700
9	2025-02-14	277.37	279.23	276.45	276.59	5688600
9	2025-02-18	276.76	279.97	276.02	279.95	7919800
9	2025-02-19	278.38	280.25	277.22	279.25	7007200
9	2025-02-20	278.68	278.74	265.74	266.8	13846700
9	2025-02-21	268.32	269.2	262.84	264.24	12835600
9	2025-02-24	265.49	267.0	258.61	261.34	10372800
9	2025-02-25	262.23	263.0	253.35	257.4	9608400
9	2025-02-26	257.16	260.91	256.93	258.79	5943600
9	2025-02-27	260.18	263.64	257.86	259.05	8204400
9	2025-02-28	260.73	264.81	257.89	264.65	10467100
9	2025-03-03	264.0	266.32	257.82	260.62	9058300
9	2025-03-04	255.28	257.23	245.95	250.25	13465600
9	2025-03-05	251.25	253.05	247.83	251.53	7861400
9	2025-03-06	248.11	249.36	243.85	246.54	9983200
9	2025-03-07	245.23	246.72	239.42	242.28	20498700
9	2025-03-10	236.21	237.51	228.7	232.22	18887200
9	2025-03-11	231.75	233.32	226.69	229.14	18143000
9	2025-03-12	234.0	234.32	227.26	227.9	16054000
9	2025-03-13	229.3	229.5	224.23	225.19	16467900
9	2025-03-14	228.12	233.14	227.58	232.44	11962100
9	2025-03-17	231.18	235.67	230.46	233.93	9586000
9	2025-03-18	234.32	236.17	233.52	234.97	10344900
9	2025-03-19	235.74	242.33	234.89	239.11	10120600
9	2025-03-20	236.56	241.76	236.2	239.01	8328500
9	2025-03-21	237.81	242.3	236.5	241.63	19326900
9	2025-03-24	245.48	248.69	244.41	248.06	9422700
9	2025-03-25	249.31	251.82	247.62	251.13	9287700
9	2025-03-26	252.6	254.67	249.78	251.03	12779300
9	2025-03-27	249.53	250.64	247.18	248.12	8022500
10	2025-01-02	108.28	109.0	106.88	107.31	12685400
10	2025-01-03	108.0	108.49	107.46	107.86	14237900
10	2025-01-06	108.24	109.78	107.52	107.74	15623700
10	2025-01-07	108.94	110.06	108.28	108.75	12625900
10	2025-01-08	107.31	107.71	106.01	106.93	17858100
10	2025-01-10	108.7	110.1	105.78	106.54	19304500
10	2025-01-13	107.13	109.63	107.13	109.29	17073400
10	2025-01-14	108.79	109.76	107.83	109.72	11191200
10	2025-01-15	110.05	111.73	109.47	111.51	14521100
10	2025-01-16	111.19	111.69	110.55	111.32	10366600
10	2025-01-17	111.03	112.87	110.82	112.32	19298500
10	2025-01-21	112.05	112.18	111.13	111.47	20416300
10	2025-01-22	111.2	111.57	109.4	109.53	15718000
10	2025-01-23	110.31	111.14	109.61	110.15	13726800
10	2025-01-24	110.24	110.71	108.41	108.66	14235900
10	2025-01-27	109.01	110.45	108.39	110.17	15926700
10	2025-01-28	110.41	110.87	107.79	108.04	15862000
10	2025-01-29	107.71	108.78	107.47	108.67	12345500
10	2025-01-30	109.24	109.85	108.7	109.57	14346300
10	2025-01-31	110.55	110.55	106.1	106.83	20376500
10	2025-02-03	106.64	107.3	105.32	107.09	14623200
10	2025-02-04	106.71	110.28	106.53	109.96	14835700
10	2025-02-05	109.74	110.01	109.1	109.88	13364400
10	2025-02-06	110.77	111.05	107.99	108.43	13411400
10	2025-02-07	108.78	109.73	108.32	108.89	10051600
10	2025-02-10	110.01	111.03	109.88	110.97	12142200
10	2025-02-11	111.6	112.51	110.82	111.67	12713100
10	2025-02-12	110.05	110.23	107.18	107.35	18244100
10	2025-02-13	107.15	108.41	106.52	108.13	15460000
10	2025-02-14	108.52	110.23	108.1	108.24	15733500
10	2025-02-18	108.63	110.99	108.32	110.14	20060300
10	2025-02-19	110.76	112.13	110.06	110.3	10964700
10	2025-02-20	110.57	112.42	109.95	112.0	16325800
10	2025-02-21	111.32	111.85	110.56	110.69	14710000
10	2025-02-24	110.93	111.86	110.32	111.27	13153500
10	2025-02-25	111.3	112.13	108.89	109.73	14497000
10	2025-02-26	109.74	109.87	108.52	109.46	10446400
10	2025-02-27	110.01	111.29	109.28	110.15	15293200
10	2025-02-28	110.11	111.58	109.34	111.33	18821700
10	2025-03-03	111.7	112.16	106.51	107.76	18706900
10	2025-03-04	106.36	108.96	105.94	107.54	19394900
10	2025-03-05	105.84	106.33	103.67	105.44	24822200
10	2025-03-06	105.43	108.11	104.36	107.62	17150200
10	2025-03-07	108.41	110.4	108.3	109.02	19625000
10	2025-03-10	109.28	112.57	109.08	111.8	22749100
10	2025-03-11	111.92	112.1	108.79	109.16	19904700
10	2025-03-12	109.05	110.13	108.42	109.13	14051500
10	2025-03-13	108.33	110.82	107.63	108.67	17767800
10	2025-03-14	108.94	112.18	108.31	111.9	15890100
10	2025-03-17	111.8	114.5	111.73	113.76	19908800
10	2025-03-18	114.09	114.54	112.57	113.64	15998700
10	2025-03-19	114.2	115.82	113.83	115.41	17315000
10	2025-03-20	114.72	116.47	114.21	115.9	16230800
10	2025-03-21	115.5	115.99	114.35	115.5	41102800
10	2025-03-24	115.68	116.91	115.58	115.8	14207500
10	2025-03-25	116.43	117.64	115.96	116.59	12081800
10	2025-03-26	117.68	119.18	117.68	118.27	14110800
10	2025-03-27	118.1	119.07	117.26	117.89	12740800
11	2025-01-02	508.0	512.11	503.29	504.51	4234900
11	2025-01-03	506.35	516.29	505.38	513.0	3019500
11	2025-01-06	513.0	520.3	509.82	513.67	4444800
11	2025-01-07	518.85	519.5	511.22	514.25	3914500
11	2025-01-08	514.5	524.67	509.51	524.52	4141700
11	2025-01-10	526.64	535.45	518.47	520.69	5467500
11	2025-01-13	535.04	547.4	533.14	541.14	6472500
11	2025-01-14	539.65	544.55	536.55	543.74	3978300
11	2025-01-15	537.1	546.29	534.33	543.42	4103900
11	2025-01-16	530.35	539.84	510.0	510.59	9059900
11	2025-01-17	505.62	521.82	502.8	509.76	7495700
11	2025-01-21	514.05	525.0	512.82	524.99	5682100
11	2025-01-22	521.66	524.44	516.0	519.72	3756100
11	2025-01-23	527.87	531.48	519.32	529.77	4580800
11	2025-01-24	528.11	534.63	524.51	532.51	3671200
11	2025-01-27	539.98	551.91	539.98	543.52	4263000
11	2025-01-28	543.01	546.5	537.84	542.48	3162700
11	2025-01-29	541.73	543.48	534.01	538.1	2737600
11	2025-01-30	539.47	547.11	535.0	545.57	2924700
11	2025-01-31	543.24	549.16	541.41	542.49	4120500
11	2025-02-03	542.0	553.91	541.07	548.18	4083600
11	2025-02-04	545.2	548.81	541.51	545.45	2869900
11	2025-02-05	530.73	540.7	521.91	539.81	4621600
11	2025-02-06	537.89	539.1	525.27	530.04	3926800
11	2025-02-07	529.2	532.39	525.39	527.03	3349100
11	2025-02-10	527.67	534.16	523.38	533.37	3143100
11	2025-02-11	535.0	547.54	528.27	533.92	2631900
11	2025-02-12	539.85	542.35	525.51	527.4	3859200
11	2025-02-13	530.9	534.33	527.1	531.18	2835100
11	2025-02-14	529.0	533.2	522.91	523.51	3705300
11	2025-02-18	510.94	516.0	497.0	500.73	8759300
11	2025-02-19	501.33	511.86	498.15	511.04	4380300
11	2025-02-20	505.19	508.43	500.24	502.42	4144300
11	2025-02-21	439.55	469.7	438.5	466.42	19864900
11	2025-02-24	466.68	468.0	457.0	461.52	6919300
11	2025-02-25	460.77	470.76	450.07	470.38	9101000
11	2025-02-26	464.65	473.05	458.2	463.59	5108400
11	2025-02-27	466.17	475.4	465.02	468.56	4216800
11	2025-02-28	467.0	476.36	464.48	474.96	6146300
11	2025-03-03	474.37	477.27	465.21	467.05	5700200
11	2025-03-04	469.75	479.21	466.46	474.61	5864100
11	2025-03-05	471.07	479.08	471.01	475.98	3637100
11	2025-03-06	476.0	488.12	472.0	487.72	4964000
11	2025-03-07	483.83	499.92	483.37	493.48	5434100
11	2025-03-10	492.28	497.85	477.71	480.22	5108900
11	2025-03-11	482.5	486.77	477.14	486.04	4101000
11	2025-03-12	483.14	487.6	478.82	481.11	3680800
11	2025-03-13	479.45	484.06	475.0	481.52	2876600
11	2025-03-14	481.0	489.45	478.24	488.65	3915900
11	2025-03-17	487.51	500.61	485.95	499.02	5152300
11	2025-03-18	502.24	505.97	497.82	503.8	3617600
11	2025-03-19	505.04	506.35	500.06	503.2	3317600
11	2025-03-20	505.25	514.39	503.51	511.3	4965400
11	2025-03-21	511.68	519.0	505.09	516.85	10244900
11	2025-03-24	515.08	518.25	511.12	516.5	3840900
11	2025-03-25	518.28	519.0	511.53	513.43	3015100
11	2025-03-26	515.2	522.95	512.85	518.2	3253800
11	2025-03-27	516.29	521.08	512.95	515.72	2822200
12	2025-01-02	317.78	319.68	312.41	314.4	5369500
12	2025-01-03	314.18	315.92	312.01	314.91	4271300
12	2025-01-06	315.01	315.39	312.07	313.04	6567300
12	2025-01-07	312.89	315.19	311.32	311.67	4958600
12	2025-01-08	311.0	314.04	310.21	312.6	5161600
12	2025-01-10	311.2	311.85	305.99	307.71	6660100
12	2025-01-13	305.0	306.92	303.84	306.92	9568400
12	2025-01-14	308.75	310.16	307.52	309.09	5107600
12	2025-01-15	313.68	317.19	313.13	316.28	5222000
12	2025-01-16	315.75	319.18	315.75	317.25	4606700
12	2025-01-17	317.5	320.59	316.71	319.62	5805800
12	2025-01-21	320.31	324.58	320.0	323.63	5653000
12	2025-01-22	324.77	325.74	322.38	323.56	5026500
12	2025-01-23	323.76	328.51	323.57	328.21	5297100
12	2025-01-24	328.02	331.09	327.81	330.2	4327500
12	2025-01-27	330.0	335.49	328.05	334.54	6636500
12	2025-01-28	334.67	337.83	332.89	334.48	5999600
12	2025-01-29	334.5	337.11	334.5	335.88	5087300
12	2025-01-30	339.51	344.44	339.0	343.05	8081300
12	2025-01-31	346.47	351.25	341.71	341.8	8624100
12	2025-02-03	340.0	346.0	339.24	345.82	8004500
12	2025-02-04	344.6	346.01	342.54	345.15	5532600
12	2025-02-05	346.0	349.48	345.25	349.44	4939100
12	2025-02-06	349.78	350.65	346.6	347.48	4294500
12	2025-02-07	348.0	350.75	347.21	348.02	4261200
12	2025-02-10	348.7	351.9	347.7	351.23	6067000
12	2025-02-11	348.3	352.12	346.25	350.72	5154800
12	2025-02-12	349.16	351.83	347.49	351.49	6760100
12	2025-02-13	353.12	356.08	350.73	355.63	4279200
12	2025-02-14	354.43	355.43	353.22	353.81	5720300
12	2025-02-18	353.69	356.74	352.4	356.73	5822000
12	2025-02-19	356.02	357.15	354.18	355.23	4152300
12	2025-02-20	355.23	356.13	349.06	350.49	5697000
12	2025-02-21	350.49	353.32	347.48	348.53	6924100
12	2025-02-24	348.76	350.8	347.36	349.86	5055900
12	2025-02-25	351.37	352.59	346.0	352.09	6191900
12	2025-02-26	350.0	351.83	348.99	350.63	5960600
12	2025-02-27	351.9	360.31	351.68	355.74	7298100
12	2025-02-28	354.71	364.0	353.71	362.71	15857300
12	2025-03-03	363.0	366.54	359.54	361.82	9099600
12	2025-03-04	360.11	360.27	350.4	352.23	8955800
12	2025-03-05	350.83	354.11	348.94	352.68	8244200
12	2025-03-06	345.96	348.87	340.39	344.16	8611100
12	2025-03-07	340.87	346.39	339.14	345.32	6358700
12	2025-03-10	339.94	345.01	337.64	341.48	8204300
12	2025-03-11	338.41	339.61	329.58	332.14	9776100
12	2025-03-12	335.97	336.16	329.11	332.84	6295400
12	2025-03-13	330.99	336.2	327.7	328.55	7915300
12	2025-03-14	327.21	332.77	326.38	331.8	7810600
12	2025-03-17	330.03	336.11	329.76	334.55	6149400
12	2025-03-18	335.29	335.8	332.3	334.77	7778300
12	2025-03-19	336.8	341.03	334.5	339.87	5614900
12	2025-03-20	339.0	342.24	337.66	339.5	5432700
12	2025-03-21	337.37	339.43	335.52	335.66	17279700
12	2025-03-24	338.65	345.22	337.65	343.87	5675100
12	2025-03-25	344.56	345.53	340.67	344.62	3931200
12	2025-03-26	345.99	347.38	343.0	344.18	6187100
12	2025-03-27	344.0	350.84	343.32	349.86	7254800
13	2025-01-02	168.09	168.71	165.91	165.98	5401700
13	2025-01-03	166.25	166.5	164.25	165.13	5256600
13	2025-01-06	162.81	163.5	160.44	160.6	8731700
13	2025-01-07	161.46	162.61	160.74	161.3	8447400
13	2025-01-08	160.99	162.4	160.57	162.1	4974800
13	2025-01-10	160.15	161.21	157.47	158.56	8501500
13	2025-01-13	159.35	160.09	158.41	158.84	6772200
13	2025-01-14	158.85	160.07	158.31	159.74	5982200
13	2025-01-15	160.59	161.15	159.34	159.65	8059200
13	2025-01-16	159.62	160.58	159.14	160.5	5774400
13	2025-01-17	159.74	161.75	159.6	161.13	7262700
13	2025-01-21	160.96	162.35	160.96	161.72	13914700
13	2025-01-22	167.1	168.14	164.44	164.74	14356700
13	2025-01-23	163.88	166.48	163.32	166.15	7614300
13	2025-01-24	165.91	165.91	163.2	164.12	6199800
13	2025-01-27	166.72	169.94	166.11	169.66	9170800
13	2025-01-28	168.91	169.59	166.11	166.19	6716300
13	2025-01-29	166.72	167.29	165.88	166.23	4850300
13	2025-01-30	167.48	167.6	165.93	167.41	4136500
13	2025-01-31	166.0	166.62	165.21	165.99	5464700
13	2025-02-03	165.47	169.38	165.23	168.76	8668600
13	2025-02-04	169.29	169.29	166.28	168.13	6410900
13	2025-02-05	168.09	169.14	166.61	169.01	7536800
13	2025-02-06	169.37	169.93	168.03	168.88	4957900
13	2025-02-07	169.09	169.12	167.87	167.97	4535600
13	2025-02-10	167.69	168.48	166.4	167.53	7062900
13	2025-02-11	167.69	169.57	166.5	169.43	5438100
13	2025-02-12	168.35	170.08	167.97	169.58	6037400
13	2025-02-13	169.63	171.38	169.14	171.02	6328300
13	2025-02-14	169.79	170.0	162.3	162.89	13179500
13	2025-02-18	163.35	165.76	162.2	165.43	7075300
13	2025-02-19	166.1	166.87	165.24	166.49	7910700
13	2025-02-20	163.15	167.78	162.8	167.21	6162600
13	2025-02-21	167.44	170.55	165.92	170.23	9813700
13	2025-02-24	170.22	172.98	169.79	170.54	8564100
13	2025-02-25	171.28	173.95	170.8	172.65	7314900
13	2025-02-26	172.28	172.65	170.65	171.3	5519000
13	2025-02-27	170.85	173.09	170.63	171.97	5467000
13	2025-02-28	173.58	174.65	171.85	173.84	10240100
13	2025-03-03	173.58	176.29	173.51	175.59	7615300
13	2025-03-04	176.75	179.99	172.91	173.18	12117600
13	2025-03-05	173.38	175.87	173.02	174.61	6989100
13	2025-03-06	174.89	175.84	172.84	174.66	6702500
13	2025-03-07	174.09	178.89	174.05	175.95	9566700
13	2025-03-10	176.76	179.99	175.83	176.26	11047000
13	2025-03-11	175.83	175.99	172.32	173.12	11032300
13	2025-03-12	169.7	171.83	167.77	168.37	10158800
13	2025-03-13	167.7	169.29	167.28	168.59	6609000
13	2025-03-14	167.79	168.59	166.62	167.97	6790500
13	2025-03-17	168.37	171.09	168.13	169.76	9931700
13	2025-03-18	170.07	170.26	167.58	167.71	6099900
13	2025-03-19	167.87	168.75	167.11	168.57	7569200
13	2025-03-20	168.89	169.21	166.03	167.55	8789200
13	2025-03-21	167.14	168.14	164.12	166.69	16027300
13	2025-03-24	166.43	166.87	165.36	165.65	6102100
13	2025-03-25	165.3	165.37	162.2	162.85	8366700
13	2025-03-26	163.35	166.82	162.99	166.58	7756000
13	2025-03-27	167.87	169.03	166.62	168.71	6211700
14	2025-01-02	62.35	62.75	61.62	61.84	12991000
14	2025-01-03	61.9	62.08	61.62	61.75	10403200
14	2025-01-06	61.5	61.57	60.66	60.81	17924200
14	2025-01-07	61.11	61.72	60.62	60.84	17799600
14	2025-01-08	60.99	61.77	60.93	61.71	14412400
14	2025-01-10	61.58	61.65	60.73	61.07	22425000
14	2025-01-13	61.13	61.85	60.71	61.65	18016200
14	2025-01-14	61.66	62.07	61.3	62.04	16658300
14	2025-01-15	62.33	62.62	61.68	61.77	16187200
14	2025-01-16	61.42	62.3	61.32	62.25	12585500
14	2025-01-17	62.31	62.77	62.17	62.71	17948900
14	2025-01-21	62.9	63.23	62.3	62.42	19817100
14	2025-01-22	62.12	62.29	61.66	61.78	18191900
14	2025-01-23	61.8	61.98	61.37	61.53	16528400
14	2025-01-24	61.72	62.01	61.44	61.92	19244600
14	2025-01-27	62.87	64.18	62.47	63.87	20742900
14	2025-01-28	63.51	64.04	62.28	62.36	14956000
14	2025-01-29	62.56	63.36	62.55	62.83	11325600
14	2025-01-30	63.85	64.29	63.23	64.05	13201000
14	2025-01-31	63.7	63.93	63.39	63.48	12096800
14	2025-02-03	63.18	63.63	62.43	63.35	12067900
14	2025-02-04	63.61	63.63	62.35	62.67	15678000
14	2025-02-05	62.72	63.29	62.59	63.12	10686800
14	2025-02-06	63.62	63.74	62.91	63.36	13423400
14	2025-02-07	63.43	63.92	63.27	63.84	13184700
14	2025-02-10	64.1	64.65	63.66	64.55	16154300
14	2025-02-11	67.5	67.67	66.41	67.6	30589100
14	2025-02-12	66.87	68.82	66.87	68.71	26033800
14	2025-02-13	69.0	69.61	68.76	69.5	24393100
14	2025-02-14	69.36	70.03	68.76	68.87	20779100
14	2025-02-18	68.55	69.37	68.42	69.05	15569100
14	2025-02-19	69.21	70.13	69.17	70.07	16032300
14	2025-02-20	69.71	70.07	69.42	70.04	13398000
14	2025-02-21	70.32	71.6	70.13	71.35	21662300
14	2025-02-24	70.84	71.73	70.33	70.59	21418400
14	2025-02-25	70.86	71.77	70.73	71.49	21555600
14	2025-02-26	71.27	71.28	70.53	70.8	14531200
14	2025-02-27	70.72	71.54	70.42	70.87	16789500
14	2025-02-28	71.45	71.57	70.56	71.21	22167400
14	2025-03-03	70.24	72.36	69.73	72.32	21717600
14	2025-03-04	72.07	72.65	69.88	70.19	25411900
14	2025-03-05	69.9	70.74	69.84	70.08	23933600
14	2025-03-06	70.41	70.53	69.45	70.46	21694000
14	2025-03-07	69.65	71.82	69.65	71.43	28393300
14	2025-03-10	71.96	73.22	71.32	71.45	25251200
14	2025-03-11	71.88	72.04	70.61	71.04	28076400
14	2025-03-12	70.37	70.73	69.74	69.94	18923300
14	2025-03-13	70.25	70.25	69.28	69.62	15746600
14	2025-03-14	68.51	69.26	68.38	69.16	14205100
14	2025-03-17	69.24	70.17	69.08	70.12	15634800
14	2025-03-18	70.11	70.19	69.3	69.38	12657600
14	2025-03-19	68.55	69.38	68.54	69.28	14780000
14	2025-03-20	69.31	69.81	69.09	69.71	16295300
14	2025-03-21	69.71	69.97	68.18	68.67	47479500
14	2025-03-24	68.8	69.08	68.33	68.95	12575400
14	2025-03-25	68.95	69.08	68.6	68.81	12513900
14	2025-03-26	68.92	70.35	68.9	70.02	14478200
14	2025-03-27	70.18	70.99	70.07	70.74	11663400
15	2025-01-02	26.75	26.86	26.56	26.61	32899200
15	2025-01-03	26.7	26.84	26.52	26.59	33417000
15	2025-01-06	26.71	27.25	26.56	26.89	43951000
15	2025-01-07	27.01	27.57	26.94	27.13	35030000
15	2025-01-08	27.05	27.14	26.23	26.86	35430700
15	2025-01-10	26.87	27.05	26.69	26.72	32836900
15	2025-01-13	26.65	26.81	26.36	26.8	28359600
15	2025-01-14	26.81	26.87	26.27	26.41	25856900
15	2025-01-15	26.52	26.65	26.21	26.22	35949700
15	2025-01-16	26.07	26.57	25.96	26.49	29981100
15	2025-01-17	26.4	26.56	26.22	26.3	35380300
15	2025-01-21	26.45	26.64	26.39	26.64	39745600
15	2025-01-22	26.51	26.6	25.97	26.01	41890400
15	2025-01-23	26.01	26.48	25.85	26.44	40987000
15	2025-01-24	26.02	26.2	25.96	26.09	31300200
15	2025-01-27	26.24	26.97	26.18	26.86	50648600
15	2025-01-28	26.78	26.86	26.49	26.75	40589600
15	2025-01-29	26.8	27.07	26.57	26.62	34418200
15	2025-01-30	26.66	27.01	26.58	26.91	32289600
15	2025-01-31	26.96	27.01	26.42	26.52	37307000
15	2025-02-03	26.3	26.47	26.15	26.2	49626200
15	2025-02-04	26.1	26.92	25.6	25.87	68748300
15	2025-02-05	25.95	26.69	25.7	26.44	50426800
15	2025-02-06	26.42	26.47	25.78	25.83	45182000
15	2025-02-07	25.86	25.96	25.53	25.74	36512800
15	2025-02-10	25.78	26.12	25.51	25.87	39632700
15	2025-02-11	25.83	25.91	25.46	25.53	36593300
15	2025-02-12	25.48	25.62	25.17	25.47	31671600
15	2025-02-13	25.49	25.74	25.33	25.64	30612500
15	2025-02-14	25.73	25.83	25.47	25.53	33214600
15	2025-02-18	25.61	25.74	25.42	25.56	40499700
15	2025-02-19	25.57	25.92	25.5	25.89	37292400
15	2025-02-20	25.86	26.08	25.75	25.9	37139000
15	2025-02-21	25.89	26.57	25.85	26.3	54611500
15	2025-02-24	26.4	26.74	25.88	26.65	43823300
15	2025-02-25	26.72	27.03	26.54	26.74	43560100
15	2025-02-26	26.68	26.78	26.35	26.42	30103300
15	2025-02-27	26.29	26.5	26.01	26.1	28268300
15	2025-02-28	26.06	26.49	25.91	26.43	51531700
15	2025-03-03	26.37	26.9	25.97	26.25	54048600
15	2025-03-04	26.25	26.31	25.67	25.75	51315000
15	2025-03-05	25.7	26.18	25.66	25.94	37062400
15	2025-03-06	25.93	26.46	25.9	26.24	46998300
15	2025-03-07	26.4	26.89	26.18	26.73	54337700
15	2025-03-10	26.64	27.24	26.54	26.64	53013500
15	2025-03-11	26.57	26.62	25.87	25.99	44841400
15	2025-03-12	25.94	25.97	25.5	25.71	37331000
15	2025-03-13	25.76	26.07	25.53	25.6	36717900
15	2025-03-14	25.62	25.76	25.5	25.72	30298300
15	2025-03-17	25.74	26.15	25.59	26.05	32676900
15	2025-03-18	26.21	26.4	26.1	26.31	32958700
15	2025-03-19	26.33	26.5	26.08	26.21	42522700
15	2025-03-20	26.25	26.3	26.02	26.19	35378900
15	2025-03-21	26.13	26.52	26.01	26.28	349996500
15	2025-03-24	26.1	26.22	25.89	26.14	37944400
15	2025-03-25	26.16	26.2	25.51	25.55	47607600
15	2025-03-26	25.52	25.65	25.13	25.21	49487400
15	2025-03-27	25.2	25.23	24.83	25.01	51302000
16	2025-01-02	178.31	179.19	169.82	171.87	12450000
16	2025-01-03	171.4	173.98	169.8	169.9	10513800
16	2025-01-06	173.5	173.94	170.19	170.78	11133400
16	2025-01-07	171.17	175.02	170.8	172.51	7045000
16	2025-01-08	171.15	173.78	169.61	171.76	5108700
16	2025-01-10	171.49	173.54	167.41	172.0	7556800
16	2025-01-13	171.18	172.5	167.91	170.57	6049600
16	2025-01-14	171.37	171.88	164.62	167.02	7966900
16	2025-01-15	169.01	169.99	165.97	166.2	6451000
16	2025-01-16	166.79	170.64	166.57	168.93	5812300
16	2025-01-17	169.8	171.77	169.45	171.09	9557100
16	2025-01-21	172.38	177.09	171.93	175.56	8755300
16	2025-01-22	175.29	176.23	173.88	174.8	5134400
16	2025-01-23	174.01	178.67	173.75	178.5	7097300
16	2025-01-24	176.0	180.43	174.37	176.06	9304200
16	2025-01-27	175.55	178.18	174.4	175.16	7148600
16	2025-01-28	181.31	188.48	174.02	177.78	22768900
16	2025-01-29	179.13	182.55	170.65	173.66	12263500
16	2025-01-30	174.59	179.94	173.72	179.53	6996300
16	2025-01-31	180.51	181.78	175.74	176.52	6104000
16	2025-02-03	174.11	178.2	173.13	175.87	6501700
16	2025-02-04	176.9	177.45	174.25	176.23	4503600
16	2025-02-05	176.0	181.86	175.51	181.84	7430400
16	2025-02-06	182.0	185.85	182.0	184.8	6919400
16	2025-02-07	185.26	186.11	180.93	181.49	5392300
16	2025-02-10	183.12	183.55	179.9	180.55	3989100
16	2025-02-11	179.78	182.14	177.6	180.44	4366700
16	2025-02-12	178.34	186.27	178.25	186.25	7686800
16	2025-02-13	187.0	188.24	185.09	185.44	6846300
16	2025-02-14	186.75	186.82	183.58	184.42	5044700
16	2025-02-18	185.68	188.66	184.22	184.97	6929600
16	2025-02-19	185.31	187.23	181.83	186.15	7264800
16	2025-02-20	185.58	185.8	180.11	180.88	7863000
16	2025-02-21	181.28	182.2	174.71	177.15	8980300
16	2025-02-24	177.48	183.04	176.55	179.91	8392900
16	2025-02-25	180.45	181.88	176.34	178.27	5613900
16	2025-02-26	179.49	179.49	171.83	173.04	7111700
16	2025-02-27	174.52	177.15	173.59	173.83	4695200
16	2025-02-28	174.36	176.3	173.48	174.63	5803300
16	2025-03-03	177.02	178.4	169.46	170.06	6045600
16	2025-03-04	167.37	168.38	156.69	158.9	15870200
16	2025-03-05	159.96	164.33	158.81	163.16	7355800
16	2025-03-06	161.42	162.69	157.94	158.43	6892600
16	2025-03-07	157.19	158.36	149.05	154.18	12526700
16	2025-03-10	150.03	150.39	146.3	148.15	10204000
16	2025-03-11	148.0	155.01	145.45	154.06	10030500
16	2025-03-12	157.0	159.54	153.61	158.8	8706900
16	2025-03-13	159.22	161.74	157.25	159.32	5701600
16	2025-03-14	160.92	162.32	159.2	161.81	5215100
16	2025-03-17	160.5	162.77	159.62	161.85	5602700
16	2025-03-18	161.44	162.23	158.79	161.57	4195200
16	2025-03-19	165.32	174.2	165.0	172.62	14114800
16	2025-03-20	171.14	173.1	170.31	172.83	4934400
16	2025-03-21	172.06	183.46	170.77	178.11	26802400
16	2025-03-24	182.03	184.4	180.44	180.9	9986100
16	2025-03-25	182.16	183.85	180.36	182.59	7174400
16	2025-03-26	182.53	183.23	177.28	178.55	6615900
16	2025-03-27	178.53	182.22	178.03	179.11	4788600
17	2025-01-02	20.23	20.43	20.0	20.22	46438500
17	2025-01-03	20.39	20.67	20.06	20.56	48983900
17	2025-01-06	20.83	20.98	19.78	19.87	83271000
17	2025-01-07	20.02	20.34	19.9	20.01	61726100
17	2025-01-08	19.83	20.12	19.71	19.88	47897100
17	2025-01-10	19.66	19.66	18.91	19.15	71244600
17	2025-01-13	18.92	19.25	18.73	19.2	50669000
17	2025-01-14	19.36	19.52	18.82	19.2	47147500
17	2025-01-15	19.4	19.77	19.17	19.72	56306000
17	2025-01-16	19.75	19.95	19.4	19.67	44898100
17	2025-01-17	21.26	21.62	20.79	21.49	166483900
17	2025-01-21	22.03	22.41	21.75	21.77	96262200
17	2025-01-22	21.73	22.29	21.57	21.86	60972600
17	2025-01-23	21.69	21.75	21.35	21.57	55778200
17	2025-01-24	21.36	21.41	20.75	20.83	66300600
17	2025-01-27	20.81	21.06	20.14	20.29	83582100
17	2025-01-28	20.34	20.34	19.74	19.8	73411400
17	2025-01-29	19.87	20.08	19.66	19.75	86506800
17	2025-01-30	19.72	20.1	19.43	20.01	108167000
17	2025-01-31	20.1	20.33	19.38	19.43	117081700
17	2025-02-03	18.97	19.75	18.78	19.38	77523100
17	2025-02-04	19.1	19.53	19.02	19.29	54098200
17	2025-02-05	19.19	19.77	18.91	19.65	66059200
17	2025-02-06	19.51	19.7	19.22	19.38	45553800
17	2025-02-07	19.35	19.36	19.03	19.1	58277900
17	2025-02-10	19.25	20.08	19.24	19.77	73007300
17	2025-02-11	19.87	21.88	19.86	20.97	150960700
17	2025-02-12	21.98	22.56	20.93	22.48	162631200
17	2025-02-13	22.84	24.83	22.79	24.13	248661300
17	2025-02-14	24.36	25.19	22.86	23.6	230254100
17	2025-02-18	24.6	27.55	24.49	27.39	284292200
17	2025-02-19	25.98	26.33	25.46	25.72	151881700
17	2025-02-20	25.56	26.12	24.48	26.09	144939600
17	2025-02-21	25.96	26.29	24.84	24.87	111630900
17	2025-02-24	24.55	24.8	23.62	24.27	91358100
17	2025-02-25	24.21	24.28	22.77	22.99	88886500
17	2025-02-26	23.25	23.82	23.21	23.52	67449300
17	2025-02-27	23.7	24.4	23.07	23.09	97871900
17	2025-02-28	23.02	24.44	22.64	23.73	104133800
17	2025-03-03	25.0	25.04	22.52	22.74	141348700
17	2025-03-04	22.54	22.63	20.76	21.33	152182200
17	2025-03-05	21.33	21.36	20.18	20.81	127219300
17	2025-03-06	20.26	21.13	20.0	20.75	96466400
17	2025-03-07	20.27	21.2	20.11	20.64	81099600
17	2025-03-10	20.24	20.51	19.65	19.93	82760600
17	2025-03-11	19.97	20.06	19.29	19.78	80789000
17	2025-03-12	20.79	21.17	20.21	20.68	128671100
17	2025-03-13	23.5	24.53	23.13	23.7	243261000
17	2025-03-14	23.68	24.37	23.52	24.05	116901600
17	2025-03-17	24.42	26.15	24.37	25.69	160723600
17	2025-03-18	25.55	26.41	25.39	25.92	132488800
17	2025-03-19	24.9	25.23	24.03	24.12	135491400
17	2025-03-20	23.77	24.31	23.73	23.96	68937600
17	2025-03-21	23.6	24.7	23.49	24.26	94110700
17	2025-03-24	24.72	24.99	24.13	24.22	69169000
17	2025-03-25	24.18	24.75	24.11	24.2	51743300
17	2025-03-26	24.25	24.42	23.25	23.42	59496700
17	2025-03-27	23.29	23.76	22.86	23.62	57720600
18	2025-01-02	336.31	338.92	327.81	330.66	4807100
18	2025-01-03	332.1	333.44	329.27	332.9	4101200
18	2025-01-06	334.02	336.6	327.28	330.53	5785300
18	2025-01-07	330.5	331.5	322.91	324.93	4643100
18	2025-01-08	327.74	328.8	323.11	326.9	3788200
18	2025-01-10	322.77	322.77	316.02	317.85	6540000
18	2025-01-13	314.6	320.55	313.8	319.07	4583000
18	2025-01-14	325.0	329.94	321.5	323.54	5935200
18	2025-01-15	329.88	331.53	320.78	321.16	6042700
18	2025-01-16	322.94	327.72	319.55	320.0	5047700
18	2025-01-17	328.72	329.57	323.07	324.56	6303600
18	2025-01-21	329.4	329.52	322.45	326.84	6397200
18	2025-01-22	331.25	335.23	327.28	332.62	7259300
18	2025-01-23	332.33	335.46	329.6	334.66	4355900
18	2025-01-24	336.3	338.65	331.79	333.88	3299100
18	2025-01-27	332.36	353.15	330.5	347.1	15661100
18	2025-01-28	354.77	367.09	350.46	359.95	12099300
18	2025-01-29	358.76	360.18	351.5	354.0	6266700
18	2025-01-30	340.9	348.0	340.0	343.57	7591100
18	2025-01-31	348.0	349.5	340.1	341.7	5778000
18	2025-02-03	335.97	341.46	331.26	339.24	4549400
18	2025-02-04	345.62	346.93	338.67	344.14	4965600
18	2025-02-05	345.72	348.04	338.87	347.93	4521000
18	2025-02-06	337.48	337.48	329.1	330.81	13240600
18	2025-02-07	332.0	333.82	323.72	325.83	7626100
18	2025-02-10	327.92	331.75	326.65	327.2	5981900
18	2025-02-11	324.02	326.44	321.26	324.4	5455900
18	2025-02-12	319.55	327.0	316.97	326.12	5643400
18	2025-02-13	326.2	330.35	323.22	329.85	4312100
18	2025-02-14	328.03	328.5	322.62	326.54	5879700
18	2025-02-18	328.59	329.16	323.0	328.96	5262100
18	2025-02-19	329.74	329.74	322.87	324.53	5012000
18	2025-02-20	322.24	324.45	318.21	318.43	6393100
18	2025-02-21	318.97	318.97	306.86	309.8	7353200
18	2025-02-24	311.51	312.73	303.52	308.32	6652900
18	2025-02-25	306.25	308.42	300.62	305.88	7360100
18	2025-02-26	312.66	313.7	306.45	307.33	12638500
18	2025-02-27	296.34	304.92	292.67	294.9	16691400
18	2025-02-28	295.96	301.98	292.15	297.85	10863100
18	2025-03-03	301.0	303.07	291.06	293.06	6298200
18	2025-03-04	290.0	291.65	282.24	287.34	9096300
18	2025-03-05	287.22	292.68	285.62	291.97	6612600
18	2025-03-06	288.23	298.08	284.83	286.05	10396800
18	2025-03-07	283.18	288.31	275.17	282.89	8248100
18	2025-03-10	276.97	278.35	270.72	272.9	10040200
18	2025-03-11	273.72	280.45	272.0	277.05	8313400
18	2025-03-12	281.85	285.93	279.09	284.58	7463900
18	2025-03-13	282.05	282.56	269.75	271.74	9494500
18	2025-03-14	275.0	279.89	272.68	279.4	6976900
18	2025-03-17	277.37	282.73	276.08	280.75	4484300
18	2025-03-18	280.02	280.5	275.94	278.73	5881700
18	2025-03-19	277.5	282.22	277.29	279.39	5245400
18	2025-03-20	277.06	282.88	277.06	279.03	5504700
18	2025-03-21	276.21	281.85	274.05	280.62	9804100
18	2025-03-24	283.74	286.76	283.22	285.96	6763800
18	2025-03-25	285.61	290.45	285.61	288.61	4301700
18	2025-03-26	288.34	289.04	279.58	280.99	5070300
18	2025-03-27	280.54	280.9	276.01	277.81	3757200
19	2025-01-02	290.95	295.76	290.25	292.51	3117000
19	2025-01-03	292.83	294.96	290.7	294.78	2240100
19	2025-01-06	293.28	295.6	291.74	292.18	2838900
19	2025-01-07	293.78	294.93	288.28	289.34	3419500
19	2025-01-08	288.97	289.14	286.55	286.9	2724200
19	2025-01-10	287.5	287.77	281.78	282.31	3946000
19	2025-01-13	282.94	284.5	280.35	283.63	3394300
19	2025-01-14	285.02	285.35	279.38	281.58	2238900
19	2025-01-15	284.33	284.65	280.61	282.3	2867800
19	2025-01-16	280.24	280.95	276.53	279.74	3403700
19	2025-01-17	280.98	284.08	280.0	280.95	3312800
19	2025-01-21	280.76	282.9	278.73	282.61	3858600
19	2025-01-22	283.3	283.53	280.4	281.35	3660600
19	2025-01-23	280.75	285.0	280.65	284.43	2279400
19	2025-01-24	284.51	286.85	283.28	285.46	2523000
19	2025-01-27	286.61	293.43	285.81	293.09	4343000
19	2025-01-28	292.4	294.49	290.0	291.15	3180100
19	2025-01-29	291.38	293.14	290.0	290.11	2358300
19	2025-01-30	290.91	292.08	289.36	290.32	2125200
19	2025-01-31	289.83	291.25	287.35	288.7	2556500
19	2025-02-03	287.02	290.9	284.19	290.05	3048800
19	2025-02-04	289.76	290.64	288.37	289.77	2976900
19	2025-02-05	290.0	290.27	286.34	288.83	2362900
19	2025-02-06	291.59	297.15	290.32	294.36	3590000
19	2025-02-07	294.36	296.85	293.82	294.3	2858000
19	2025-02-10	302.27	310.28	301.51	308.42	8052000
19	2025-02-11	307.37	311.59	306.17	310.21	4180400
19	2025-02-12	309.58	310.09	305.77	307.6	3110200
19	2025-02-13	307.5	311.53	305.63	310.02	3096800
19	2025-02-14	310.2	311.0	307.78	308.55	2674400
19	2025-02-18	307.35	307.35	303.54	304.83	3367800
19	2025-02-19	303.32	303.79	299.51	301.94	2990700
19	2025-02-20	300.83	303.13	298.15	303.05	3020000
19	2025-02-21	303.92	305.96	301.59	304.81	3036700
19	2025-02-24	305.0	310.44	304.12	307.57	3397600
19	2025-02-25	309.18	311.71	307.99	310.72	3891600
19	2025-02-26	311.7	314.55	303.68	304.27	4140900
19	2025-02-27	305.19	311.78	304.22	309.95	3350400
19	2025-02-28	307.61	308.52	303.88	308.33	4972900
19	2025-03-03	308.11	309.49	302.43	304.29	4371300
19	2025-03-04	304.59	312.93	304.59	305.77	3954500
19	2025-03-05	304.0	308.46	303.37	307.45	2327500
19	2025-03-06	307.8	311.35	304.38	310.37	2954900
19	2025-03-07	310.82	323.17	310.35	321.29	7607600
19	2025-03-10	320.09	326.32	315.74	317.25	4707600
19	2025-03-11	317.62	317.7	306.31	306.76	4513100
19	2025-03-12	303.69	306.43	296.35	299.4	4546200
19	2025-03-13	300.43	303.46	297.27	297.5	4178600
19	2025-03-14	296.97	300.67	295.71	299.83	2696800
19	2025-03-17	301.3	305.23	300.03	303.97	2758400
19	2025-03-18	304.97	304.97	302.27	303.6	2435400
19	2025-03-19	303.99	308.08	303.63	306.92	2812200
19	2025-03-20	308.03	309.66	305.51	307.0	2723500
19	2025-03-21	306.39	307.0	301.64	305.44	6016100
19	2025-03-24	306.3	307.95	304.53	305.67	3443400
19	2025-03-25	306.93	308.66	304.03	306.92	2657100
19	2025-03-26	307.9	314.06	307.79	313.58	2624400
19	2025-03-27	315.16	316.64	310.68	312.69	3119500
20	2025-01-02	89.55	89.858	87.7	88.673	23123000
20	2025-01-03	89.313	89.883	87.989	88.105	29673000
20	2025-01-06	88.876	89.283	87.169	88.179	34577000
20	2025-01-07	87.938	88.8	86.911	87.919	26498000
20	2025-01-08	88.0	88.622	87.3	87.5	23479000
20	2025-01-10	86.64	86.641	83.44	83.769	48033000
20	2025-01-13	83.153	84.707	82.914	84.029	30245000
20	2025-01-14	84.32	84.489	82.352	82.84	30377000
20	2025-01-15	83.644	85.084	83.041	84.826	31814000
20	2025-01-16	86.096	86.898	84.202	84.237	40285000
20	2025-01-17	85.979	86.5	85.213	85.81	36176000
20	2025-01-21	86.353	91.64	85.475	86.968	98514000
20	2025-01-22	99.803	99.9	95.076	95.399	142732000
20	2025-01-23	95.781	98.5	95.39	98.486	77521000
20	2025-01-24	98.441	98.628	96.768	97.759	45504000
20	2025-01-27	97.11	98.227	96.026	97.189	46342000
20	2025-01-28	96.671	97.793	95.73	97.183	34340000
20	2025-01-29	98.0	98.764	96.823	97.815	29307000
20	2025-01-30	98.675	99.459	97.001	97.324	38678000
20	2025-01-31	97.4	99.029	97.4	97.676	36151000
20	2025-02-03	97.3	98.769	96.438	97.894	37242000
20	2025-02-04	98.047	100.8	97.851	99.487	60001000
20	2025-02-05	98.773	101.183	98.668	101.111	39934000
20	2025-02-06	100.787	101.635	100.261	101.568	31343000
20	2025-02-07	101.7	102.776	100.567	101.393	32129000
20	2025-02-10	102.305	103.285	101.588	102.76	32966000
20	2025-02-11	102.079	102.269	100.295	100.808	33318000
20	2025-02-12	100.549	102.774	99.835	102.731	33890000
20	2025-02-13	102.663	104.599	102.51	104.369	34761000
20	2025-02-14	104.495	106.45	104.169	105.86	31454000
20	2025-02-18	106.0	106.2	102.375	103.585	42293000
20	2025-02-19	103.518	104.5	102.451	104.333	26000000
20	2025-02-20	104.2	104.5	101.559	102.454	31118000
20	2025-02-21	102.942	103.238	99.939	100.315	37387000
20	2025-02-24	100.8	101.517	98.448	98.847	44262000
20	2025-02-25	98.94	99.44	95.5	97.724	47383000
20	2025-02-26	97.76	100.089	97.69	99.006	33972000
20	2025-02-27	99.5	100.073	96.183	96.307	37666000
20	2025-02-28	96.956	98.227	95.817	98.056	47174000
20	2025-03-03	98.3	99.493	96.481	97.37	39074000
20	2025-03-04	97.161	98.631	94.821	97.258	43928000
20	2025-03-05	97.362	99.56	96.948	99.092	38079000
20	2025-03-06	97.299	97.369	89.9	90.636	78526000
20	2025-03-07	89.764	90.489	85.807	89.111	77375000
20	2025-03-10	87.507	88.127	85.45	86.668	69953000
20	2025-03-11	86.741	91.068	86.6	89.51	73989000
20	2025-03-12	91.46	92.718	90.1	91.968	68658000
20	2025-03-13	91.3	92.189	88.751	89.017	50017000
20	2025-03-14	90.146	91.963	90.1	91.8	52007000
20	2025-03-17	93.995	96.763	93.442	95.002	75431000
20	2025-03-18	94.0	94.825	91.63	92.998	60094000
20	2025-03-19	93.577	96.8	92.4	95.949	66624000
20	2025-03-20	95.001	96.7	94.55	95.084	44663000
20	2025-03-21	94.164	96.365	94.095	96.029	59054000
20	2025-03-24	96.967	97.7	95.155	97.199	46779000
20	2025-03-25	97.818	99.87	97.711	99.728	37822000
20	2025-03-26	99.381	99.679	96.632	97.065	35274000
20	2025-03-27	97.422	98.9	96.637	97.672	30472000
21	2025-01-02	122.29	123.14	119.44	120.63	34256200
21	2025-01-03	121.65	125.56	121.42	125.37	36785300
21	2025-01-06	129.07	130.73	127.36	129.55	48020200
21	2025-01-07	130.51	131.71	126.85	127.33	39220400
21	2025-01-08	124.51	125.3	120.12	121.84	46723100
21	2025-01-10	118.18	118.71	114.45	116.04	59415600
21	2025-01-13	115.28	117.48	114.41	117.32	39128900
21	2025-01-14	118.0	118.66	114.5	116.09	37005300
21	2025-01-15	117.55	120.42	117.46	119.96	38185800
21	2025-01-16	120.24	121.09	118.25	118.44	29414100
21	2025-01-17	120.78	122.74	120.55	121.46	35765900
21	2025-01-21	122.39	123.75	121.12	122.28	31578800
21	2025-01-22	123.08	125.65	121.91	123.75	35023800
21	2025-01-23	121.43	123.71	120.63	123.04	24921100
21	2025-01-24	124.55	125.25	122.23	122.84	31570300
21	2025-01-27	117.8	118.08	112.8	115.01	61067900
21	2025-01-28	115.18	116.15	112.95	114.17	40554800
21	2025-01-29	115.77	118.52	114.96	117.35	40199100
21	2025-01-30	118.53	120.44	117.09	118.86	29788400
21	2025-01-31	119.14	119.57	115.33	115.95	40463400
21	2025-02-03	113.88	115.16	112.98	114.27	34586100
21	2025-02-04	115.45	119.85	114.79	119.5	69412100
21	2025-02-05	107.61	112.09	106.5	112.01	110385200
21	2025-02-06	110.93	112.56	109.02	110.16	50426600
21	2025-02-07	109.13	109.92	106.79	107.56	46082500
21	2025-02-10	108.44	111.4	108.15	110.48	34905400
21	2025-02-11	108.98	113.07	108.94	111.1	35033800
21	2025-02-12	109.52	111.84	109.06	111.72	25319700
21	2025-02-13	112.0	114.6	110.4	111.81	40911800
21	2025-02-14	112.65	114.63	111.7	113.1	32477200
21	2025-02-18	114.05	115.55	113.45	114.28	31720300
21	2025-02-19	114.25	116.11	113.14	114.69	28807700
21	2025-02-20	115.01	116.55	113.11	114.17	27219600
21	2025-02-21	114.85	115.76	110.43	110.84	41353700
21	2025-02-24	111.49	111.6	107.98	108.11	29072200
21	2025-02-25	107.89	108.64	103.62	103.96	39169200
21	2025-02-26	104.95	105.8	103.99	104.74	29178200
21	2025-02-27	105.08	105.76	99.5	99.51	47263700
21	2025-02-28	99.56	101.8	98.69	99.86	45194600
21	2025-03-03	101.52	102.34	97.09	98.23	38958000
21	2025-03-04	96.0	103.18	95.89	100.75	54156900
21	2025-03-05	100.36	101.84	98.87	101.67	27855500
21	2025-03-06	99.05	101.08	98.27	98.85	28985000
21	2025-03-07	98.88	100.65	96.39	100.31	33254400
21	2025-03-10	98.57	101.29	95.83	96.63	38733200
21	2025-03-11	96.79	98.16	94.73	96.76	34078300
21	2025-03-12	99.05	101.72	98.17	100.79	34241300
21	2025-03-13	99.72	100.07	97.27	98.11	28575200
21	2025-03-14	99.64	101.22	99.58	100.97	24715300
21	2025-03-17	102.6	106.15	102.6	104.59	43689500
21	2025-03-18	103.85	104.55	102.97	103.51	27152800
21	2025-03-19	104.42	107.9	101.96	106.23	32287500
21	2025-03-20	105.12	108.26	105.12	107.14	26871800
21	2025-03-21	105.33	107.25	104.33	106.44	30767900
21	2025-03-24	109.73	114.85	109.4	113.85	53342000
21	2025-03-25	113.27	114.95	112.71	114.81	29077500
21	2025-03-26	114.11	115.9	108.68	110.19	39824000
21	2025-03-27	106.11	107.62	105.55	106.65	32773700
22	2025-01-02	236.16	239.5	230.24	231.98	31525800
22	2025-01-03	233.59	236.49	229.0	232.55	24973200
22	2025-01-06	236.5	241.75	233.3	236.41	34028400
22	2025-01-07	239.5	239.5	227.6	228.64	25928600
22	2025-01-08	229.7	232.47	226.06	229.31	18756500
22	2025-01-10	227.3	227.83	221.25	224.31	23864000
22	2025-01-13	219.99	229.26	219.51	225.29	23772100
22	2025-01-14	226.57	230.26	223.1	224.7	18143100
22	2025-01-15	228.55	230.34	225.58	228.0	21745600
22	2025-01-16	235.22	238.6	229.21	229.41	23471900
22	2025-01-17	237.08	238.1	232.66	237.44	31196600
22	2025-01-21	241.5	242.75	237.4	240.31	30903200
22	2025-01-22	246.75	246.99	240.69	240.91	29610500
22	2025-01-23	238.41	240.4	236.12	240.28	17653900
22	2025-01-24	244.7	249.59	241.91	244.7	25387800
22	2025-01-27	213.4	218.43	196.23	202.13	90569400
22	2025-01-28	208.01	209.95	198.89	207.36	50316000
22	2025-01-29	208.84	211.45	202.77	206.35	32533700
22	2025-01-30	218.57	221.96	213.7	215.66	42449500
22	2025-01-31	219.66	226.8	216.3	221.27	41104700
22	2025-02-03	215.46	220.94	213.51	217.73	24507300
22	2025-02-04	219.35	223.03	215.3	222.43	23768500
22	2025-02-05	233.94	237.93	227.5	232.0	29196000
22	2025-02-06	234.5	234.8	228.56	231.36	21169500
22	2025-02-07	235.0	235.65	224.11	224.87	22117500
22	2025-02-10	227.43	235.82	227.12	235.04	23901600
22	2025-02-11	232.48	237.89	229.97	235.04	18476200
22	2025-02-12	230.36	236.48	230.0	236.35	16397300
22	2025-02-13	236.06	236.95	230.73	235.8	20962000
22	2025-02-14	234.53	235.74	228.9	233.04	16988800
22	2025-02-18	230.1	232.2	224.3	228.53	26080500
22	2025-02-19	227.85	229.07	224.4	228.73	16375500
22	2025-02-20	228.65	228.98	222.75	226.74	16104000
22	2025-02-21	225.65	227.75	215.63	218.66	24883600
22	2025-02-24	218.6	219.48	207.54	207.93	33050400
22	2025-02-25	207.0	208.64	200.92	202.54	33100800
22	2025-02-26	206.91	213.54	206.0	212.94	21368300
22	2025-02-27	217.28	219.25	197.4	197.8	27572900
22	2025-02-28	195.76	201.19	193.15	199.43	39747200
22	2025-03-03	204.0	204.06	184.53	187.37	37435600
22	2025-03-04	189.22	193.95	180.48	187.48	37910500
22	2025-03-05	191.86	194.08	187.1	191.58	25644500
22	2025-03-06	181.04	186.83	177.61	179.45	56864100
22	2025-03-07	187.73	195.48	181.56	194.96	74528900
22	2025-03-10	189.6	191.98	180.43	184.45	44217100
22	2025-03-11	188.05	195.62	185.35	190.09	42153200
22	2025-03-12	196.22	199.98	192.45	194.23	30409700
22	2025-03-13	193.15	196.32	189.47	191.36	27236100
22	2025-03-14	196.2	197.5	193.2	195.54	25900900
22	2025-03-17	188.05	196.72	187.5	194.5	26830600
22	2025-03-18	190.44	192.89	186.9	188.67	24951000
22	2025-03-19	189.34	198.27	186.9	195.57	37962700
22	2025-03-20	191.52	193.84	188.94	190.54	31430000
22	2025-03-21	188.21	192.07	187.37	191.66	43086500
22	2025-03-24	194.3	196.69	190.67	191.25	33180300
22	2025-03-25	190.89	191.6	187.68	188.26	23417300
22	2025-03-26	186.66	188.06	177.58	179.27	30578500
22	2025-03-27	177.66	178.38	170.46	171.99	32151700
23	2025-01-02	447.76	450.12	440.56	441.0	2504700
23	2025-01-03	429.45	433.3	425.32	430.57	5617000
23	2025-01-06	431.88	436.41	427.79	431.18	3994400
23	2025-01-07	431.37	435.18	420.51	422.63	4181400
23	2025-01-08	417.34	422.66	415.51	419.58	3508800
23	2025-01-10	410.0	413.1	405.32	405.92	5564300
23	2025-01-13	404.27	409.96	403.75	408.5	4558800
23	2025-01-14	407.25	412.75	405.07	412.71	3577100
23	2025-01-15	421.7	423.97	415.66	417.28	4345800
23	2025-01-16	418.21	428.89	418.0	426.93	4185600
23	2025-01-17	434.35	435.99	425.7	429.99	4012700
23	2025-01-21	433.26	439.98	431.5	436.36	3833300
23	2025-01-22	438.0	439.73	433.43	437.32	3391600
23	2025-01-23	435.88	437.73	432.49	437.28	2716700
23	2025-01-24	437.28	441.88	434.73	435.38	2631800
23	2025-01-27	430.23	445.45	430.12	438.6	5086300
23	2025-01-28	436.27	445.81	431.64	442.84	5376400
23	2025-01-29	439.92	444.36	438.83	441.68	2997600
23	2025-01-30	439.67	448.42	439.23	446.0	3290100
23	2025-01-31	446.98	447.01	435.83	437.45	4684300
23	2025-02-03	437.8	442.74	430.88	438.6	3348700
23	2025-02-04	435.43	443.58	434.26	440.23	2647700
23	2025-02-05	440.75	444.95	436.27	437.63	2937800
23	2025-02-06	437.63	439.96	434.35	435.4	2568100
23	2025-02-07	436.24	441.0	432.41	433.07	2693500
23	2025-02-10	439.25	453.37	439.0	451.1	3946700
23	2025-02-11	449.0	461.55	448.29	458.82	3257000
23	2025-02-12	458.0	463.0	451.3	462.76	3308500
23	2025-02-13	465.21	465.7	457.03	459.22	2794400
23	2025-02-14	463.35	464.99	458.0	460.16	2623000
23	2025-02-18	462.65	464.33	453.07	464.11	2973800
23	2025-02-19	463.61	463.61	455.32	456.99	2965500
23	2025-02-20	457.44	461.0	451.57	454.69	2337600
23	2025-02-21	453.28	453.75	440.69	444.32	3376000
23	2025-02-24	445.11	446.28	440.91	444.42	2807900
23	2025-02-25	443.47	447.49	439.17	443.41	2612700
23	2025-02-26	443.8	447.65	438.4	441.5	1947600
23	2025-02-27	441.79	444.57	436.82	437.19	2340200
23	2025-02-28	438.16	440.37	432.1	438.56	3936900
23	2025-03-03	440.65	448.09	438.21	440.72	2607700
23	2025-03-04	439.25	448.82	434.7	446.03	2942200
23	2025-03-05	443.65	453.26	443.11	451.24	2406200
23	2025-03-06	444.73	452.19	441.19	444.78	2732100
23	2025-03-07	442.0	452.51	440.99	449.4	3039500
23	2025-03-10	443.11	444.54	433.23	435.08	4001600
23	2025-03-11	432.88	441.33	431.0	433.66	3145200
23	2025-03-12	436.69	443.9	435.5	438.6	5515900
23	2025-03-13	405.27	405.77	374.5	377.84	14386600
23	2025-03-14	379.75	396.36	377.8	394.74	6134800
23	2025-03-17	394.12	399.94	387.13	399.34	4258500
23	2025-03-18	395.36	395.95	384.57	391.37	4297300
23	2025-03-19	394.1	395.26	387.0	387.89	4349900
23	2025-03-20	386.9	397.82	385.8	389.61	4009500
23	2025-03-21	384.13	389.85	382.45	387.26	7607300
23	2025-03-24	392.47	396.86	391.38	394.47	5223000
23	2025-03-25	393.57	404.32	392.99	403.64	3648600
23	2025-03-26	403.0	404.5	397.01	397.81	3425000
23	2025-03-27	397.44	401.48	392.51	396.15	2729700
24	2025-01-02	915.0	925.77	902.0	909.81	1765100
24	2025-01-03	914.33	924.21	911.0	916.58	1612200
24	2025-01-06	917.98	927.41	913.27	922.71	1970400
24	2025-01-07	923.84	931.31	916.43	921.37	1888000
24	2025-01-08	922.98	930.5	915.42	927.37	1774800
24	2025-01-10	933.36	944.28	923.5	936.94	2765800
24	2025-01-13	934.0	934.99	921.0	924.7	1693800
24	2025-01-14	924.3	927.76	909.92	917.23	1683800
24	2025-01-15	927.26	932.87	918.3	923.5	1839400
24	2025-01-16	924.73	927.4	917.82	919.75	1353000
24	2025-01-17	930.0	943.8	924.57	943.19	2375000
24	2025-01-21	945.25	956.55	943.5	947.73	2042400
24	2025-01-22	951.23	951.94	939.24	944.7	2155000
24	2025-01-23	941.69	943.39	936.49	942.16	1352400
24	2025-01-24	942.16	946.04	933.56	939.68	1562400
24	2025-01-27	930.0	966.99	927.18	965.25	3044700
24	2025-01-28	961.83	965.71	954.07	958.67	2166400
24	2025-01-29	957.8	968.26	955.0	964.02	1713700
24	2025-01-30	970.3	986.75	970.1	979.01	1788200
24	2025-01-31	976.24	991.0	975.78	979.88	1873800
24	2025-02-03	972.39	1009.61	968.94	1005.83	2751000
24	2025-02-04	1005.4	1024.35	999.65	1021.86	2001600
24	2025-02-05	1020.0	1043.09	1020.0	1042.88	2047600
24	2025-02-06	1050.0	1063.0	1044.2	1050.99	2218000
24	2025-02-07	1047.0	1056.71	1035.51	1043.8101	1632900
24	2025-02-10	1052.0	1063.0	1046.0	1061.92	2036900
24	2025-02-11	1059.91	1066.0	1049.04	1058.34	1748500
24	2025-02-12	1054.15	1067.0	1051.0	1065.12	1662300
24	2025-02-13	1067.01	1078.23	1064.65	1076.86	1623300
24	2025-02-14	1076.48	1077.49	1068.01	1071.85	1410700
24	2025-02-18	1069.21	1071.0	1045.24	1056.03	2090600
24	2025-02-19	1056.0601	1063.1801	1053.0	1062.54	1349600
24	2025-02-20	1053.64	1053.64	1033.85	1034.83	2000500
24	2025-02-21	1034.61	1036.21	1024.6801	1035.03	1816300
24	2025-02-24	1028.54	1038.1899	1025.22	1035.6	1759700
24	2025-02-25	1040.73	1057.02	1037.46	1055.66	2083800
24	2025-02-26	1050.14	1058.89	1030.1801	1031.97	1555700
24	2025-02-27	1034.0	1042.53	1018.83	1021.71	1629100
24	2025-02-28	1030.61	1049.38	1023.99	1048.61	3307100
24	2025-03-03	1051.74	1066.0	1041.14	1046.85	2422500
24	2025-03-04	1045.73	1047.9301	1028.73	1036.87	2536800
24	2025-03-05	1033.08	1050.98	1028.5	1047.75	1898600
24	2025-03-06	1032.95	1045.89	1019.05	1026.62	2594600
24	2025-03-07	995.15	1002.42	942.78	964.31	5510700
24	2025-03-10	955.47	959.66	924.03	934.41	4459900
24	2025-03-11	931.0	938.0	921.2	930.49	3204900
24	2025-03-12	938.0	944.38	923.25	927.08	2331600
24	2025-03-13	922.0	923.5	887.47	890.62	3447200
24	2025-03-14	891.81	906.95	881.56	903.92	3186400
24	2025-03-17	901.63	923.39	898.0	916.61	2256100
24	2025-03-18	913.0	917.56	896.84	898.05	2182000
24	2025-03-19	902.86	910.16	896.0	904.05	1908500
24	2025-03-20	901.5	907.48	894.1	895.4	1891800
24	2025-03-21	888.75	909.77	883.96	909.26	3447600
24	2025-03-24	920.0	928.65	920.0	926.04	2208100
24	2025-03-25	926.63	932.29	922.49	930.26	1623000
24	2025-03-26	934.33	939.42	923.45	929.75	1644700
24	2025-03-27	929.56	942.9	928.0	938.75	1547000
25	2025-01-02	455.96	456.89	450.03	451.1	3746400
25	2025-01-03	452.53	454.53	450.12	453.56	2884600
25	2025-01-06	453.85	456.24	450.57	451.41	4072900
25	2025-01-07	452.8	456.52	451.1	452.92	3507200
25	2025-01-08	453.63	454.0	449.63	451.84	3933300
25	2025-01-10	452.66	453.0	440.1	442.66	5471900
25	2025-01-13	442.04	445.0	441.15	443.91	3639200
25	2025-01-14	445.5	450.3	443.92	450.03	4055600
25	2025-01-15	455.55	459.09	453.27	458.51	4719400
25	2025-01-16	458.93	462.96	458.3	462.81	3475700
25	2025-01-17	464.71	470.18	462.45	467.95	6467000
25	2025-01-21	471.0	473.17	467.72	468.57	4910200
25	2025-01-22	468.59	468.89	455.28	460.51	5838500
25	2025-01-23	461.68	464.76	458.0	459.83	4424500
25	2025-01-24	459.2	463.81	457.08	463.19	3070300
25	2025-01-27	464.3	474.93	464.3	474.7	4535600
25	2025-01-28	473.93	473.93	469.3	469.97	3261300
25	2025-01-29	469.88	473.92	468.0	469.26	2524200
25	2025-01-30	472.2	474.06	469.15	472.35	2552200
25	2025-01-31	471.84	472.55	467.01	468.67	5439800
25	2025-02-03	461.3	466.74	454.6	464.61	4232000
25	2025-02-04	464.94	467.91	462.7	467.49	3238400
25	2025-02-05	469.81	474.24	468.89	473.73	3782800
25	2025-02-06	475.46	478.0	473.28	477.22	3832700
25	2025-02-07	477.41	478.25	472.34	472.74	3205100
25	2025-02-10	473.96	474.2	469.37	470.17	2907300
25	2025-02-11	470.05	473.05	466.72	472.61	2322600
25	2025-02-12	470.44	472.15	468.09	471.73	3297600
25	2025-02-13	471.55	481.19	471.2	480.49	3274700
25	2025-02-14	481.47	484.55	479.45	479.59	2825800
25	2025-02-18	480.4	484.06	477.63	482.82	3351000
25	2025-02-19	482.82	484.72	480.68	483.77	2436500
25	2025-02-20	484.13	484.2	478.14	481.8	2651000
25	2025-02-21	480.95	483.64	477.74	478.74	4085100
25	2025-02-24	483.5	503.96	483.24	498.42	9862400
25	2025-02-25	503.15	507.0	491.9	499.82	6757500
25	2025-02-26	499.12	499.9	493.05	494.1	3543500
25	2025-02-27	496.45	504.95	495.61	502.41	4507700
25	2025-02-28	507.46	515.37	504.33	513.83	6850300
25	2025-03-03	516.22	518.77	506.48	510.08	5112300
25	2025-03-04	507.27	508.73	493.61	495.86	6126600
25	2025-03-05	496.0	500.93	492.32	498.5	4715800
25	2025-03-06	496.84	499.1	491.63	497.84	3989700
25	2025-03-07	496.29	498.27	490.11	495.62	3842200
25	2025-03-10	490.0	500.45	490.0	497.1	6262000
25	2025-03-11	496.0	499.15	491.31	496.25	5358300
25	2025-03-12	497.6	498.32	488.75	495.94	3871100
25	2025-03-13	496.46	507.4	494.75	504.25	5104200
25	2025-03-14	506.95	515.84	502.92	514.6	5775600
25	2025-03-17	514.62	524.71	513.21	523.01	5343400
25	2025-03-18	525.45	528.38	521.42	523.14	4857800
25	2025-03-19	525.69	526.71	520.66	525.27	3798000
25	2025-03-20	524.0	530.61	522.67	528.73	4065400
25	2025-03-21	528.31	528.96	520.73	521.91	8546300
25	2025-03-24	523.1	527.3	521.48	525.85	4858900
25	2025-03-25	527.18	533.29	525.88	528.87	3964800
25	2025-03-26	531.0	537.63	530.98	533.21	5004400
25	2025-03-27	533.25	537.38	529.35	534.52	5154600
26	2025-01-02	589.39	591.13	580.5	584.64	50204000
26	2025-01-03	587.53	592.6	586.43	591.95	37888500
26	2025-01-06	596.27	599.7	593.6	595.36	47679400
26	2025-01-07	597.42	597.75	586.78	588.63	60393100
26	2025-01-08	588.7	590.58	585.2	589.49	47304700
26	2025-01-10	585.88	585.95	578.55	580.49	73105000
26	2025-01-13	575.77	581.75	575.35	581.39	47910100
26	2025-01-14	584.36	585.0	578.35	582.19	48420600
26	2025-01-15	590.33	593.94	589.2	592.78	56900200
26	2025-01-16	594.17	594.35	590.93	591.64	43319700
26	2025-01-17	596.96	599.36	595.61	597.58	58070600
26	2025-01-21	600.67	603.06	598.67	603.05	42532900
26	2025-01-22	605.92	607.82	605.36	606.44	48196000
26	2025-01-23	605.8	609.75	605.52	609.75	41152100
26	2025-01-24	609.81	610.78	606.8	607.97	34604700
26	2025-01-27	594.81	599.69	594.64	599.37	70361100
26	2025-01-28	600.62	605.37	597.25	604.52	44433300
26	2025-01-29	603.72	604.13	599.22	601.81	37177400
26	2025-01-30	603.96	606.6	600.72	605.04	39281300
26	2025-01-31	607.5	609.96	601.05	601.82	66566900
26	2025-02-03	592.67	600.29	590.49	597.77	65857200
26	2025-02-04	597.83	602.3	597.28	601.78	33457800
26	2025-02-05	600.64	604.37	598.58	604.22	30653100
26	2025-02-06	605.99	606.45	602.63	606.32	35771500
26	2025-02-07	606.89	608.13	600.05	600.77	50788500
26	2025-02-10	604.03	605.5	602.74	604.85	26048700
26	2025-02-11	602.55	605.86	602.43	605.31	30056700
26	2025-02-12	599.2	604.55	598.51	603.36	45076100
26	2025-02-13	604.48	609.94	603.2	609.73	40921300
26	2025-02-14	609.94	610.99	609.07	609.7	26910400
26	2025-02-18	610.88	611.49	608.38	611.49	26749000
26	2025-02-19	610.08	613.23	609.56	612.93	31011100
26	2025-02-20	611.54	611.68	607.02	610.38	36554000
26	2025-02-21	610.16	610.3	599.47	599.94	76519800
26	2025-02-24	602.02	603.03	596.49	597.21	50737200
26	2025-02-25	597.15	597.89	589.56	594.24	58266500
26	2025-02-26	595.93	599.58	591.86	594.54	43321600
26	2025-02-27	596.85	598.02	584.65	585.05	74196700
26	2025-02-28	585.56	594.72	582.44	594.18	88744100
26	2025-03-03	596.18	597.34	579.9	583.77	74249200
26	2025-03-04	579.71	585.39	572.25	576.86	109648200
26	2025-03-05	576.69	584.88	573.08	583.06	71230500
26	2025-03-06	575.48	580.17	570.12	572.71	80094900
26	2025-03-07	570.9	577.39	565.63	575.92	81158800
26	2025-03-10	567.59	569.54	555.59	560.58	99326600
26	2025-03-11	559.4	564.02	552.02	555.92	88102100
26	2025-03-12	562.17	563.11	553.69	558.87	69588200
26	2025-03-13	558.49	559.11	549.68	551.42	74079400
26	2025-03-14	556.11	563.83	551.49	562.81	62660300
26	2025-03-17	562.79	569.71	562.35	567.15	49008700
26	2025-03-18	564.8	565.02	559.06	561.02	66041400
26	2025-03-19	562.83	570.95	561.63	567.13	66556000
26	2025-03-20	563.33	570.57	562.6	565.49	62958200
26	2025-03-21	559.28	564.89	558.03	563.98	83763000
26	2025-03-24	570.8	575.15	570.2	574.08	58766800
26	2025-03-25	575.3	576.41	573.69	575.46	38355700
26	2025-03-26	575.19	576.33	567.19	568.59	51848300
26	2025-03-27	567.18	570.9	564.94	567.08	42164200
27	2025-01-02	514.3	516.64	505.71	510.23	36389800
27	2025-01-03	513.35	519.65	512.53	518.58	29059500
27	2025-01-06	524.02	527.92	522.03	524.54	36109700
27	2025-01-07	525.59	525.99	513.28	515.18	36690300
27	2025-01-08	515.08	516.92	510.57	515.27	30777800
27	2025-01-10	511.48	511.58	503.92	507.19	40532500
27	2025-01-13	501.2	506.02	499.7	505.56	31694200
27	2025-01-14	508.74	510.16	501.59	505.08	33737200
27	2025-01-15	513.03	517.85	511.46	516.7	34957600
27	2025-01-16	518.98	519.06	512.95	513.08	28229000
27	2025-01-17	522.85	524.07	513.11	521.74	51837900
27	2025-01-21	524.48	525.97	520.06	524.8	23628000
27	2025-01-22	529.57	533.82	529.26	531.51	33593000
27	2025-01-23	529.04	532.76	528.45	532.64	23096600
27	2025-01-24	533.02	533.79	528.15	529.63	19878300
27	2025-01-27	511.0	517.99	510.15	514.21	60771700
27	2025-01-28	515.22	523.0	511.78	521.81	33194200
27	2025-01-29	522.46	522.59	516.9	520.83	26649000
27	2025-01-30	523.71	526.1	518.21	523.05	27431300
27	2025-01-31	526.92	531.52	521.19	522.29	38755200
27	2025-02-03	513.47	520.85	511.05	518.11	40580800
27	2025-02-04	518.63	525.11	518.23	524.47	26046800
27	2025-02-05	521.82	527.01	520.62	526.85	21134100
27	2025-02-06	527.36	529.81	525.74	529.6	19434500
27	2025-02-07	530.14	532.1	522.19	522.92	29605500
27	2025-02-10	527.22	530.36	526.75	529.25	20852800
27	2025-02-11	525.96	529.92	525.83	527.99	19325500
27	2025-02-12	522.3	529.19	521.95	528.3	25009400
27	2025-02-13	529.98	536.22	529.19	535.9	28714800
27	2025-02-14	536.01	538.84	535.67	538.15	17862600
27	2025-02-18	539.73	540.0	536.04	539.37	20565000
27	2025-02-19	538.57	540.81	536.46	539.52	19666900
27	2025-02-20	538.73	539.1	532.46	537.23	26550800
27	2025-02-21	538.38	538.4	525.71	526.08	47093800
27	2025-02-24	527.88	529.07	519.53	519.87	39268400
27	2025-02-25	519.24	519.32	509.44	513.32	48940000
27	2025-02-26	515.53	519.66	511.37	514.56	34457600
27	2025-02-27	518.13	519.07	500.05	500.27	52448000
27	2025-02-28	500.13	508.78	496.93	508.17	47654000
27	2025-03-03	511.52	513.04	493.58	497.05	44587200
27	2025-03-04	494.18	503.74	487.74	495.55	67875400
27	2025-03-05	496.2	503.63	491.26	502.01	46323700
27	2025-03-06	493.69	498.58	486.2	488.2	57574300
27	2025-03-07	487.16	493.28	480.53	491.79	54714700
27	2025-03-10	483.45	483.97	468.66	472.73	76668000
27	2025-03-11	472.35	478.81	467.01	471.6	68760800
27	2025-03-12	479.16	481.06	471.79	476.92	46971100
27	2025-03-13	476.25	476.28	466.43	468.34	46563300
27	2025-03-14	473.73	480.56	473.12	479.66	43563000
27	2025-03-17	479.61	485.84	477.8	482.77	41744400
27	2025-03-18	479.41	479.61	472.41	474.54	39072300
27	2025-03-19	476.81	485.33	474.87	480.89	40430300
27	2025-03-20	476.88	484.55	476.18	479.26	36780500
27	2025-03-21	474.08	481.61	472.91	480.84	42234900
27	2025-03-24	487.74	491.51	484.4	490.66	34567200
27	2025-03-25	491.39	493.62	490.42	493.46	26035200
27	2025-03-26	492.3	493.16	482.82	484.38	34627100
27	2025-03-27	482.41	486.58	480.25	481.62	33469800
28	2025-01-02	222.93	224.37	219.6	221.14	29363000
28	2025-01-03	222.07	224.82	221.38	224.43	24525300
28	2025-01-06	225.76	227.17	224.14	224.52	23541900
28	2025-01-07	225.58	226.52	221.38	222.72	28835200
28	2025-01-08	220.9	222.31	219.01	221.71	26795900
28	2025-01-10	218.31	218.71	215.31	216.83	37379400
28	2025-01-13	214.5	217.52	213.97	217.25	28603800
28	2025-01-14	219.18	220.23	217.22	219.72	25447500
28	2025-01-15	225.44	225.58	223.0	224.04	30124700
28	2025-01-16	224.15	225.23	222.71	224.49	21029800
28	2025-01-17	226.93	226.97	224.67	225.46	26754900
28	2025-01-21	227.52	229.89	226.99	229.79	26086300
28	2025-01-22	229.35	229.85	227.83	228.29	21307300
28	2025-01-23	226.93	229.35	226.55	229.33	20850700
28	2025-01-24	228.82	230.23	228.04	228.69	19074500
28	2025-01-27	226.71	229.62	225.21	226.5	27461700
28	2025-01-28	226.74	227.56	225.18	226.75	16847400
28	2025-01-29	226.68	228.22	224.58	226.23	20280500
28	2025-01-30	228.52	230.05	226.92	228.53	25575100
28	2025-01-31	228.75	230.32	225.54	226.48	35330700
28	2025-02-03	221.51	225.55	220.67	223.83	34023300
28	2025-02-04	223.6	227.13	223.21	226.93	17985500
28	2025-02-05	228.06	229.5	226.89	229.4	15197300
28	2025-02-06	230.51	230.7	227.3	228.65	18809400
28	2025-02-07	228.85	229.25	225.58	226.0	28914400
28	2025-02-10	227.37	227.52	225.86	227.02	14574700
28	2025-02-11	225.05	226.42	224.81	225.7	18215700
28	2025-02-12	222.26	224.48	221.79	223.62	25572800
28	2025-02-13	225.04	226.34	223.75	226.14	21419400
28	2025-02-14	227.27	227.98	225.61	225.97	13574500
28	2025-02-18	226.15	227.67	225.51	227.21	15166500
28	2025-02-19	225.41	227.15	225.08	226.43	16194800
28	2025-02-20	226.01	226.19	223.01	224.26	18507700
28	2025-02-21	226.0	226.36	217.46	217.8	45036900
28	2025-02-24	218.79	218.79	215.15	216.23	30246200
28	2025-02-25	216.37	217.27	213.49	215.41	33665100
28	2025-02-26	216.06	218.41	214.84	215.68	25464200
28	2025-02-27	215.64	216.49	212.22	212.39	29378500
28	2025-02-28	211.64	214.66	210.96	214.65	32015400
28	2025-03-03	215.4	215.96	207.42	208.78	36330000
28	2025-03-04	205.93	209.77	203.19	206.42	56427100
28	2025-03-05	206.45	208.84	204.82	208.47	35778500
28	2025-03-06	205.78	208.12	203.9	205.28	39206300
28	2025-03-07	204.97	207.11	201.73	205.95	43514000
28	2025-03-10	203.44	204.74	198.75	200.77	39442800
28	2025-03-11	201.12	203.22	198.53	200.75	51509700
28	2025-03-12	203.05	203.75	199.55	201.1	36881700
28	2025-03-13	201.27	202.03	197.0	198.1	31336900
28	2025-03-14	200.24	203.07	199.34	202.89	34089400
28	2025-03-17	202.71	206.02	202.6	205.45	26947600
28	2025-03-18	203.85	203.92	202.35	203.21	22888000
28	2025-03-19	203.35	207.68	202.9	206.37	31595600
28	2025-03-20	204.32	207.3	204.2	205.06	25665900
28	2025-03-21	202.72	204.42	201.76	203.79	39470200
28	2025-03-24	206.96	209.23	206.69	208.86	25774700
28	2025-03-25	208.69	209.27	207.09	207.7	17836900
28	2025-03-26	207.96	208.82	204.68	205.59	19344600
28	2025-03-27	205.33	206.35	203.76	204.61	23960000
29	2025-01-02	291.45	292.55	287.35	289.26	3796400
29	2025-01-03	290.66	293.35	290.19	293.06	2726800
29	2025-01-06	295.2	296.9	293.93	294.7	3678600
29	2025-01-07	295.84	295.87	290.4	291.41	3317000
29	2025-01-08	291.42	292.25	289.51	291.68	2971300
29	2025-01-10	290.05	290.05	286.22	287.3	4403700
29	2025-01-13	285.0	287.88	284.63	287.77	3633300
29	2025-01-14	289.41	289.75	286.52	288.42	3803700
29	2025-01-15	292.71	294.3	292.17	293.71	2815300
29	2025-01-16	294.23	294.66	292.93	293.49	3130300
29	2025-01-17	296.18	297.12	295.44	296.2	2603200
29	2025-01-21	297.75	299.22	296.91	299.14	3893500
29	2025-01-22	300.59	301.29	300.27	300.6	3515700
29	2025-01-23	300.24	302.18	300.02	302.18	2647800
29	2025-01-24	302.26	302.67	300.8	301.3	2359000
29	2025-01-27	295.0	297.58	294.44	297.1	5321300
29	2025-01-28	297.9	300.11	296.2	299.65	2717300
29	2025-01-29	299.32	299.6	296.97	298.37	2620200
29	2025-01-30	299.5	301.11	298.28	300.24	2891200
29	2025-01-31	301.22	302.6	298.23	298.6	3335000
29	2025-02-03	293.32	297.7	292.7	296.42	5037700
29	2025-02-04	296.62	298.74	296.23	298.57	2601900
29	2025-02-05	298.24	299.97	297.09	299.95	2226200
29	2025-02-06	300.73	300.86	298.9	300.69	2899800
29	2025-02-07	300.94	301.66	297.67	298.0	3632000
29	2025-02-10	299.56	300.23	298.91	299.91	2623900
29	2025-02-11	298.73	300.07	298.68	299.75	2719900
29	2025-02-12	296.88	299.33	296.24	298.76	3283500
29	2025-02-13	299.52	301.97	298.78	301.88	3066800
29	2025-02-14	302.0	302.55	301.5	301.84	2377000
29	2025-02-18	302.37	302.7	301.22	302.69	2851500
29	2025-02-19	301.85	303.39	301.68	303.12	2566600
29	2025-02-20	302.53	302.72	299.88	301.49	2863900
29	2025-02-21	301.74	301.79	295.64	295.92	3595000
29	2025-02-24	296.96	297.34	293.89	294.41	4465400
29	2025-02-25	294.4	294.83	290.54	292.95	3509200
29	2025-02-26	293.9	295.7	291.87	293.05	2807300
29	2025-02-27	294.34	294.79	288.4	288.51	2747300
29	2025-02-28	288.63	293.21	287.35	292.96	3485800
29	2025-03-03	293.91	294.72	285.77	287.71	7835600
29	2025-03-04	285.2	288.45	281.5	284.12	6449600
29	2025-03-05	284.08	288.14	282.32	287.35	3662300
29	2025-03-06	283.53	285.82	280.65	282.01	4836300
29	2025-03-07	281.22	284.05	278.11	283.34	3868700
29	2025-03-10	279.43	280.28	273.14	275.62	6442900
29	2025-03-11	275.0	277.0	271.58	273.69	5282400
29	2025-03-12	276.8	277.29	272.48	275.04	3996100
29	2025-03-13	274.93	275.0	270.2	271.18	3932500
29	2025-03-14	273.6	277.38	273.36	276.99	3610100
29	2025-03-17	276.73	280.6	276.68	279.28	3981100
29	2025-03-18	278.2	278.5	275.33	276.27	3120900
29	2025-03-19	277.0	281.38	276.63	279.41	2867800
29	2025-03-20	277.7	281.2	277.26	278.74	2256400
29	2025-03-21	276.41	279.07	275.68	278.85	3382500
29	2025-03-24	282.25	284.53	281.9	284.01	3251600
29	2025-03-25	284.52	285.09	283.66	284.49	2517200
29	2025-03-26	284.15	284.92	280.31	281.16	2327500
29	2025-03-27	279.46	281.08	278.05	278.99	2345300
30	2025-01-02	117.18	117.51	114.89	115.985	12766600
30	2025-01-03	116.695	118.0	116.465	117.875	9117600
30	2025-01-06	119.22	120.53	118.905	119.375	8975400
30	2025-01-07	120.0	120.0	116.57	116.98	10006800
30	2025-01-08	117.25	117.27	115.815	116.94	10023800
30	2025-01-10	115.71	115.73	113.715	114.39	11665800
30	2025-01-13	112.55	113.66	112.225	113.58	10656000
30	2025-01-14	114.46	114.775	112.975	113.88	7220200
30	2025-01-15	115.435	116.485	115.055	116.145	10465400
30	2025-01-16	117.09	117.165	115.225	115.25	5368400
30	2025-01-17	117.33	117.47	116.54	117.055	6742600
30	2025-01-21	117.445	118.32	116.63	118.03	6744200
30	2025-01-22	119.625	120.975	119.455	120.695	10243800
30	2025-01-23	119.765	120.935	119.65	120.91	7604400
30	2025-01-24	121.29	121.29	119.265	119.65	6607600
30	2025-01-27	114.29	115.49	112.735	113.785	20705600
30	2025-01-28	114.555	117.08	113.345	116.82	11260600
30	2025-01-29	116.59	116.645	114.745	115.87	9050000
30	2025-01-30	115.665	116.485	114.87	116.085	8840200
30	2025-01-31	117.165	117.865	115.095	115.405	10741800
30	2025-02-03	112.85	114.545	112.25	113.85	13752800
30	2025-02-04	114.24	115.67	114.2	115.49	8371200
30	2025-02-05	115.595	117.12	115.23	117.095	5398000
30	2025-02-06	117.095	117.655	116.575	117.415	6808000
30	2025-02-07	117.89	118.455	116.02	116.41	8552800
30	2025-02-10	117.33	118.405	117.295	118.11	6054200
30	2025-02-11	117.455	118.64	117.375	118.165	6456200
30	2025-02-12	116.5	118.05	116.37	117.91	8555600
30	2025-02-13	118.12	119.655	117.955	119.58	7829600
30	2025-02-14	119.48	120.085	119.26	119.985	4557000
30	2025-02-18	120.605	121.095	120.045	121.08	6024000
30	2025-02-19	120.945	121.57	120.1	121.09	5604200
30	2025-02-20	120.975	121.135	119.43	120.705	5987400
30	2025-02-21	120.74	120.79	117.375	117.435	9057600
30	2025-02-24	117.89	118.22	115.61	115.755	7447600
30	2025-02-25	115.51	115.615	113.475	114.255	10433600
30	2025-02-26	115.375	116.59	114.615	115.5	7630600
30	2025-02-27	116.13	116.25	111.245	111.295	10100000
30	2025-02-28	110.795	112.88	109.85	112.765	14172200
30	2025-03-03	113.345	113.575	108.525	109.335	12516200
30	2025-03-04	108.525	111.18	107.13	109.25	17721000
30	2025-03-05	109.59	111.145	108.12	110.785	11931000
30	2025-03-06	108.51	110.225	107.19	107.71	16432000
30	2025-03-07	107.585	109.545	106.315	109.27	11263400
30	2025-03-10	107.11	107.31	103.54	104.625	21561800
30	2025-03-11	104.305	105.955	103.145	104.2	14832800
30	2025-03-12	106.06	106.76	104.575	105.84	10981600
30	2025-03-13	105.535	105.77	103.425	103.83	12383000
30	2025-03-14	105.19	107.08	105.155	106.97	10040800
30	2025-03-17	106.885	108.48	106.575	107.715	10148800
30	2025-03-18	106.95	107.06	105.685	106.075	11486600
30	2025-03-19	106.62	108.715	106.175	107.455	8838600
30	2025-03-20	106.235	107.865	106.075	106.69	7145200
30	2025-03-21	105.36	107.125	104.97	106.98	10425400
30	2025-03-24	108.57	109.075	108.285	108.815	8200200
30	2025-03-25	108.745	109.32	108.69	109.175	7481800
30	2025-03-26	108.84	109.1	106.32	106.74	7873000
30	2025-03-27	106.01	106.61	105.195	105.755	6577800
